Student_ID,Age,Gender,Course,Logins,Content_Reads,Forum_Posts,Quiz_Reviews,Assignment1_Late,Assignment2_Late,Assignment3_Late,Avg_Assignment_Time,Engagement_Level,Risk_Score,Risk_Level,Dropout,Suggestion
STU1000,24,Male,cse,154,211,44,7,1,0,0,30,Low,39.07,Low Risk,No,Maintain performance
STU1001,21,Male,IT,251,353,25,3,0,0,0,77,High,35.53,Low Risk,No,Maintain performance
STU1002,22,Female,IT,271,532,15,1,1,0,1,135,High,62.87,Medium Risk,No,Improve consistency
STU1003,24,Female,ECE,255,409,35,5,0,1,1,52,High,45,Medium Risk,No,Improve consistency
STU1004,20,Female,ECE,7,227,32,1,0,0,1,191,Low,77.87,High Risk,Yes,"Attend mentoring, increase activity"
STU1005,22,Female,CSE,80,454,19,4,0,0,0,109,Low,59.93,Medium Risk,No,Improve consistency
STU1006,22,Male,IT,91,774,12,1,0,1,0,249,Low,78.67,High Risk,Yes,"Attend mentoring, increase activity"
STU1007,24,Female,CSE,274,231,32,2,1,0,0,209,High,40.27,Medium Risk,No,Improve consistency
STU1008,19,Female,IT,229,392,4,5,0,1,0,125,Low,57.07,Medium Risk,No,Improve consistency
STU1009,20,Male,EEE,22,601,36,0,0,0,0,124,Low,65.47,Medium Risk,No,Improve consistency
STU1010,24,Male,EEE,117,16,13,5,0,0,0,151,Low,56.6,Medium Risk,No,Improve consistency
STU1011,20,Female,CSE,255,281,26,2,0,1,0,128,Low,46.4,Medium Risk,No,Improve consistency
STU1012,20,Female,CSE,237,748,22,6,0,1,1,102,High,53.2,Medium Risk,No,Improve consistency
STU1013,22,Male,CSE,283,25,13,1,1,0,1,18,Low,62.47,Medium Risk,No,Improve consistency
STU1014,21,Female,ECE,206,433,39,5,0,0,0,82,High,29.13,Low Risk,No,Maintain performance
STU1015,20,Male,ECE,87,533,3,7,0,1,0,35,Low,72.6,High Risk,Yes,"Attend mentoring, increase activity"
STU1016,23,Male,ECE,129,762,38,0,0,0,1,248,High,60,Medium Risk,No,Improve consistency
STU1017,22,Male,CSE,179,30,18,8,0,0,0,154,Low,39.33,Low Risk,No,Maintain performance
STU1018,19,Male,IT,73,699,46,4,0,0,1,77,High,54.67,Medium Risk,No,Improve consistency
STU1019,21,Female,EEE,51,237,3,4,0,0,0,197,Low,73.4,High Risk,Yes,"Attend mentoring, increase activity"
STU1020,23,Male,CSE,260,794,29,4,0,0,1,140,High,39.93,Low Risk,No,Maintain performance
STU1021,23,Male,ECE,219,297,18,5,0,1,1,230,Low,60,Medium Risk,No,Improve consistency
STU1022,19,Female,ECE,34,143,30,1,1,0,0,290,Low,75.47,High Risk,Yes,"Attend mentoring, increase activity"
STU1023,21,Male,CSE,285,292,30,5,0,1,0,286,High,34,Low Risk,No,Maintain performance
STU1024,22,Female,CSE,241,413,8,3,0,0,0,149,Low,47.07,Medium Risk,No,Improve consistency
STU1025,18,Female,ECE,252,674,12,7,1,0,1,63,High,55.2,Medium Risk,No,Improve consistency
STU1026,21,Female,IT,29,75,13,8,0,0,0,10,Low,62.33,Medium Risk,No,Improve consistency
STU1027,19,Male,ECE,78,658,45,8,0,0,0,137,High,36.6,Low Risk,No,Maintain performance
STU1028,23,Female,ECE,210,613,9,7,0,0,0,10,High,42.6,Medium Risk,No,Improve consistency
STU1029,22,Female,CSE,98,446,47,2,0,0,1,182,Low,54.73,Medium Risk,No,Improve consistency
STU1030,21,Male,IT,131,268,30,9,0,1,1,275,Low,56.53,Medium Risk,No,Improve consistency
STU1031,18,Female,ECE,29,112,36,3,0,0,0,265,Low,58.53,Medium Risk,No,Improve consistency
STU1032,18,Female,ECE,120,576,22,0,1,0,0,183,Low,70.8,High Risk,Yes,"Attend mentoring, increase activity"
STU1033,20,Female,EEE,52,778,26,8,1,1,0,54,Low,71.47,High Risk,Yes,"Attend mentoring, increase activity"
STU1034,20,Female,CSE,230,110,5,4,0,1,0,150,Low,58.33,Medium Risk,No,Improve consistency
STU1035,24,Female,EEE,270,207,25,5,0,0,0,36,Low,29,Low Risk,No,Maintain performance
STU1036,19,Male,EEE,103,235,1,2,1,0,0,242,Low,81.67,High Risk,Yes,"Attend mentoring, increase activity"
STU1037,21,Female,ECE,15,472,44,9,0,0,1,218,Low,53.6,Medium Risk,No,Improve consistency
STU1038,21,Female,CSE,89,246,12,7,0,1,0,59,Low,66.93,Medium Risk,No,Improve consistency
STU1039,24,Male,IT,218,35,49,6,0,0,1,70,Low,29.53,Low Risk,No,Maintain performance
STU1040,23,Male,ECE,177,130,18,0,1,0,0,252,Low,65.6,Medium Risk,No,Improve consistency
STU1041,23,Male,IT,213,515,0,9,0,1,0,278,Low,53.6,Medium Risk,No,Improve consistency
STU1042,24,Female,IT,68,191,39,4,0,1,0,149,Low,59.53,Medium Risk,No,Improve consistency
STU1043,23,Male,CSE,262,720,31,9,0,1,0,166,High,28.47,Low Risk,No,Maintain performance
STU1044,20,Female,EEE,125,776,21,8,1,0,0,94,High,54.73,Medium Risk,No,Improve consistency
STU1045,21,Female,CSE,58,643,47,5,0,0,1,93,Low,54.07,Medium Risk,No,Improve consistency
STU1046,24,Male,IT,276,552,28,7,0,0,0,285,High,22.4,Low Risk,No,Maintain performance
STU1047,21,Male,ECE,245,324,1,9,0,0,0,40,Low,38.73,Low Risk,No,Maintain performance
STU1048,18,Female,IT,247,627,39,0,0,0,1,17,High,43.67,Medium Risk,No,Improve consistency
STU1049,20,Male,ECE,22,745,37,9,0,0,0,289,Low,46.87,Medium Risk,No,Improve consistency
STU1050,22,Female,ECE,191,282,47,6,1,0,0,212,Low,34.33,Low Risk,No,Maintain performance
STU1051,20,Male,CSE,148,241,10,2,0,0,0,42,Low,60.27,Medium Risk,No,Improve consistency
STU1052,24,Male,IT,266,429,16,8,0,1,1,152,High,48.93,Medium Risk,No,Improve consistency
STU1053,22,Male,EEE,243,777,42,5,0,1,1,46,High,42.4,Medium Risk,No,Improve consistency
STU1054,18,Female,IT,80,451,7,4,0,1,0,156,Low,77.13,High Risk,Yes,"Attend mentoring, increase activity"
STU1055,24,Male,IT,192,505,21,7,0,1,0,237,Low,47.8,Medium Risk,No,Improve consistency
STU1056,19,Female,EEE,250,33,3,7,0,0,1,43,Low,50.87,Medium Risk,No,Improve consistency
STU1057,21,Female,CSE,134,118,10,2,1,0,1,246,Low,82.13,High Risk,Yes,"Attend mentoring, increase activity"
STU1058,18,Female,IT,287,712,7,1,0,0,0,221,High,45.53,Medium Risk,No,Improve consistency
STU1059,21,Female,IT,83,511,8,1,0,0,1,149,Low,82.13,High Risk,Yes,"Attend mentoring, increase activity"
STU1060,23,Male,ECE,76,34,25,4,0,1,0,199,Low,66.87,Medium Risk,No,Improve consistency
STU1061,19,Female,IT,267,196,1,9,0,0,0,105,Low,35.8,Low Risk,No,Maintain performance
STU1062,19,Female,EEE,195,297,15,6,0,0,0,203,Low,43,Medium Risk,No,Improve consistency
STU1063,18,Male,ECE,67,637,30,7,0,0,0,161,Low,49.07,Medium Risk,No,Improve consistency
STU1064,19,Female,CSE,16,347,5,9,0,0,0,232,Low,66.87,Medium Risk,No,Improve consistency
STU1065,22,Male,ECE,145,46,20,7,0,0,1,205,Low,54.67,Medium Risk,No,Improve consistency
STU1066,19,Female,EEE,258,146,25,7,0,0,0,97,Low,26.6,Low Risk,No,Maintain performance
STU1067,21,Male,EEE,47,517,18,9,0,0,0,26,Low,54.93,Medium Risk,No,Improve consistency
STU1068,21,Female,ECE,21,236,27,2,0,0,0,220,Low,67,Medium Risk,No,Improve consistency
STU1069,24,Male,CSE,67,329,7,1,1,1,1,241,Low,104.87,High Risk,Yes,"Attend mentoring, increase activity"
STU1070,21,Female,ECE,257,191,13,3,0,0,1,192,Low,51.93,Medium Risk,No,Improve consistency
STU1071,24,Female,CSE,296,95,23,0,1,0,0,171,Low,46.73,Medium Risk,No,Improve consistency
STU1072,21,Male,ECE,12,476,47,2,0,0,0,79,Low,56.2,Medium Risk,No,Improve consistency
STU1073,22,Male,EEE,94,62,43,8,0,0,0,69,Low,35.67,Low Risk,No,Maintain performance
STU1074,24,Male,IT,212,244,36,6,0,0,0,188,Low,28.13,Low Risk,No,Maintain performance
STU1075,20,Male,IT,296,788,25,6,0,0,0,86,High,23.53,Low Risk,No,Maintain performance
STU1076,23,Female,CSE,288,442,30,0,0,1,0,44,High,43.6,Medium Risk,No,Improve consistency
STU1077,18,Female,CSE,122,505,31,6,0,0,1,25,Low,53.13,Medium Risk,No,Improve consistency
STU1078,21,Male,CSE,179,109,49,9,0,0,0,180,Low,18.73,Low Risk,No,Maintain performance
STU1079,19,Female,EEE,80,608,40,6,0,0,0,41,Low,43.33,Medium Risk,No,Improve consistency
STU1080,21,Male,ECE,105,412,1,3,0,0,0,272,Low,69.4,Medium Risk,No,Improve consistency
STU1081,19,Male,EEE,155,405,24,6,1,0,0,224,Low,52.93,Medium Risk,No,Improve consistency
STU1082,23,Female,IT,274,536,43,7,0,0,0,55,High,13.67,Low Risk,No,Maintain performance
STU1083,23,Female,CSE,75,424,1,2,0,0,0,198,Low,75.4,High Risk,Yes,"Attend mentoring, increase activity"
STU1084,23,Female,ECE,184,622,41,9,0,0,1,283,High,32.87,Low Risk,No,Maintain performance
STU1085,19,Female,IT,128,686,0,1,1,0,0,80,Low,80.93,High Risk,Yes,"Attend mentoring, increase activity"
STU1086,21,Female,IT,297,472,35,6,0,1,0,97,High,27.4,Low Risk,No,Maintain performance
STU1087,23,Female,IT,289,550,11,4,0,1,0,270,High,46.87,Medium Risk,No,Improve consistency
STU1088,22,Female,EEE,199,635,8,4,0,0,1,191,High,60.67,Medium Risk,No,Improve consistency
STU1089,24,Male,CSE,232,628,35,4,0,0,0,31,High,30.07,Low Risk,No,Maintain performance
STU1090,19,Male,IT,279,373,40,6,0,0,1,83,High,26.8,Low Risk,No,Maintain performance
STU1091,19,Male,CSE,110,139,27,8,0,0,0,99,Low,43.13,Medium Risk,No,Improve consistency
STU1092,21,Male,EEE,25,93,37,7,1,0,0,175,Low,60.47,Medium Risk,No,Improve consistency
STU1093,19,Male,IT,68,280,32,5,1,0,1,243,Low,71.73,High Risk,Yes,"Attend mentoring, increase activity"
STU1094,19,Female,EEE,169,253,41,6,0,0,0,138,Low,30.87,Low Risk,No,Maintain performance
STU1095,23,Male,EEE,31,397,45,8,1,0,0,104,Low,52.87,Medium Risk,No,Improve consistency
STU1096,21,Male,CSE,289,223,21,5,0,0,0,37,Low,28.87,Low Risk,No,Maintain performance
STU1097,23,Male,IT,152,175,24,0,1,0,1,44,Low,75.33,High Risk,Yes,"Attend mentoring, increase activity"
STU1098,24,Male,EEE,285,68,17,3,0,0,0,240,Low,35.8,Low Risk,No,Maintain performance
STU1099,24,Male,IT,168,611,5,7,0,0,0,134,Low,50.6,Medium Risk,No,Improve consistency
STU1100,23,Male,CSE,228,513,17,6,1,0,0,88,High,47.4,Medium Risk,No,Improve consistency
STU1101,24,Male,EEE,276,715,15,2,1,0,0,70,High,50.2,Medium Risk,No,Improve consistency
STU1102,21,Female,CSE,150,132,14,9,0,0,0,226,Low,43.6,Medium Risk,No,Improve consistency
STU1103,18,Female,IT,34,657,47,2,0,0,0,291,Low,53.27,Medium Risk,No,Improve consistency
STU1104,23,Male,IT,49,422,7,2,0,0,0,172,Low,75.27,High Risk,Yes,"Attend mentoring, increase activity"
STU1105,22,Female,CSE,279,148,12,0,1,0,0,66,Low,55.6,Medium Risk,No,Improve consistency
STU1106,22,Female,ECE,38,238,42,9,0,0,0,200,Low,41.73,Medium Risk,No,Improve consistency
STU1107,19,Female,EEE,145,283,6,0,0,0,0,141,Low,67.07,Medium Risk,No,Improve consistency
STU1108,24,Female,IT,225,448,16,5,0,1,0,51,Low,50.4,Medium Risk,No,Improve consistency
STU1109,22,Male,IT,26,571,49,0,0,0,1,182,Low,67.13,Medium Risk,No,Improve consistency
STU1110,19,Female,EEE,184,127,31,4,0,0,1,176,Low,48.87,Medium Risk,No,Improve consistency
STU1111,18,Female,CSE,235,723,21,3,0,1,0,259,High,50.07,Medium Risk,No,Improve consistency
STU1112,21,Female,CSE,42,492,12,4,0,0,1,202,Low,79.2,High Risk,Yes,"Attend mentoring, increase activity"
STU1113,21,Male,CSE,74,404,46,6,0,0,1,287,Low,50.53,Medium Risk,No,Improve consistency
STU1114,21,Male,ECE,120,712,22,5,0,0,0,247,High,50.8,Medium Risk,No,Improve consistency
STU1115,22,Male,ECE,243,469,28,8,0,0,0,239,High,24.8,Low Risk,No,Maintain performance
STU1116,18,Male,IT,152,702,21,5,0,0,0,174,High,47.13,Medium Risk,No,Improve consistency
STU1117,22,Male,CSE,13,87,0,8,0,0,1,252,Low,82.27,High Risk,Yes,"Attend mentoring, increase activity"
STU1118,24,Male,EEE,292,421,28,3,0,1,0,99,High,38.27,Low Risk,No,Maintain performance
STU1119,22,Male,IT,54,84,47,0,0,0,0,188,Low,54.6,Medium Risk,No,Improve consistency
STU1120,18,Female,EEE,9,304,4,0,0,0,0,67,Low,86.4,High Risk,Yes,"Attend mentoring, increase activity"
STU1121,18,Female,IT,130,30,34,9,0,0,1,272,Low,44.27,Medium Risk,No,Improve consistency
STU1122,24,Female,ECE,79,180,9,6,0,0,0,145,Low,62.07,Medium Risk,No,Improve consistency
STU1123,18,Male,IT,169,24,18,2,0,0,1,247,Low,62.67,Medium Risk,No,Improve consistency
STU1124,18,Male,ECE,282,220,36,1,1,0,1,252,High,48.8,Medium Risk,No,Improve consistency
STU1125,21,Male,IT,294,569,6,5,0,0,0,160,High,37.2,Low Risk,No,Maintain performance
STU1126,24,Male,CSE,81,95,45,5,1,0,0,256,Low,52.2,Medium Risk,No,Improve consistency
STU1127,20,Male,EEE,141,158,34,6,0,1,0,228,Low,48.8,Medium Risk,No,Improve consistency
STU1128,20,Female,CSE,110,709,44,4,1,0,1,18,High,60.93,Medium Risk,No,Improve consistency
STU1129,18,Female,IT,99,381,12,7,0,0,1,22,Low,65.6,Medium Risk,No,Improve consistency
STU1130,20,Male,IT,139,489,9,6,0,0,1,272,Low,64.07,Medium Risk,No,Improve consistency
STU1131,20,Male,IT,72,160,1,1,1,1,0,234,Low,97.8,High Risk,Yes,"Attend mentoring, increase activity"
STU1132,18,Male,ECE,151,150,5,0,0,1,0,240,Low,76.87,High Risk,Yes,"Attend mentoring, increase activity"
STU1133,20,Male,EEE,163,78,7,8,0,0,0,187,Low,48.07,Medium Risk,No,Improve consistency
STU1134,22,Female,EEE,167,269,35,4,0,1,0,256,Low,48.73,Medium Risk,No,Improve consistency
STU1135,19,Male,IT,193,530,24,4,1,0,1,76,High,61.87,Medium Risk,No,Improve consistency
STU1136,24,Male,IT,99,642,43,9,0,0,0,166,High,33,Low Risk,No,Maintain performance
STU1137,19,Male,ECE,185,380,46,3,0,0,0,174,High,31.73,Low Risk,No,Maintain performance
STU1138,18,Male,CSE,292,428,39,1,0,0,0,193,High,25.67,Low Risk,No,Maintain performance
STU1139,21,Female,CSE,191,110,6,4,0,1,0,217,Low,62.93,Medium Risk,No,Improve consistency
STU1140,24,Male,EEE,142,670,45,1,0,0,0,25,High,42.07,Medium Risk,No,Improve consistency
STU1141,18,Male,ECE,134,667,22,6,0,0,0,250,High,46.93,Medium Risk,No,Improve consistency
STU1142,21,Female,IT,198,252,18,8,1,1,1,239,Low,66.8,Medium Risk,No,Improve consistency
STU1143,19,Female,EEE,277,762,45,8,0,0,0,27,High,10.07,Low Risk,No,Maintain performance
STU1144,18,Female,ECE,148,521,21,5,0,0,0,156,Low,47.67,Medium Risk,No,Improve consistency
STU1145,24,Male,CSE,20,564,12,0,0,0,0,253,Low,80.13,High Risk,Yes,"Attend mentoring, increase activity"
STU1146,24,Male,ECE,249,104,20,5,0,0,1,60,Low,44.8,Medium Risk,No,Improve consistency
STU1147,23,Female,CSE,111,235,0,4,0,0,0,268,Low,67.2,Medium Risk,No,Improve consistency
STU1148,22,Female,ECE,92,527,18,3,0,1,1,247,Low,80.93,High Risk,Yes,"Attend mentoring, increase activity"
STU1149,20,Female,EEE,133,223,32,5,0,0,0,255,Low,43.07,Medium Risk,No,Improve consistency
STU1150,21,Female,CSE,8,727,3,5,0,0,0,58,Low,77.13,High Risk,Yes,"Attend mentoring, increase activity"
STU1151,23,Female,EEE,99,76,41,5,0,0,0,293,Low,42.2,Medium Risk,No,Improve consistency
STU1152,20,Female,EEE,213,405,2,1,0,0,0,47,Low,58.4,Medium Risk,No,Improve consistency
STU1153,20,Male,CSE,229,621,26,6,0,0,1,293,High,41.87,Medium Risk,No,Improve consistency
STU1154,18,Male,CSE,51,21,40,3,0,1,0,41,Low,63.2,Medium Risk,No,Improve consistency
STU1155,20,Male,IT,185,246,34,8,0,1,0,252,Low,38.93,Low Risk,No,Maintain performance
STU1156,22,Female,IT,110,779,27,9,0,0,0,50,High,41.13,Medium Risk,No,Improve consistency
STU1157,24,Female,IT,203,408,5,1,1,0,1,112,Low,77.93,High Risk,Yes,"Attend mentoring, increase activity"
STU1158,23,Female,EEE,110,416,5,4,0,0,1,116,Low,74.33,High Risk,Yes,"Attend mentoring, increase activity"
STU1159,20,Female,EEE,284,489,43,3,0,0,0,255,High,20.33,Low Risk,No,Maintain performance
STU1160,18,Female,IT,264,656,22,8,0,0,0,96,High,25.6,Low Risk,No,Maintain performance
STU1161,22,Female,EEE,112,231,32,3,1,0,1,75,Low,69.87,Medium Risk,No,Improve consistency
STU1162,19,Male,EEE,23,165,15,7,0,0,1,147,Low,73.93,High Risk,Yes,"Attend mentoring, increase activity"
STU1163,24,Male,CSE,175,663,23,7,1,1,0,209,High,58.87,Medium Risk,No,Improve consistency
STU1164,24,Female,CSE,199,437,4,5,0,0,0,102,Low,51.07,Medium Risk,No,Improve consistency
STU1165,23,Male,EEE,16,167,40,5,1,0,1,287,Low,73.87,High Risk,Yes,"Attend mentoring, increase activity"
STU1166,24,Female,IT,199,425,41,7,0,1,0,29,High,34.87,Low Risk,No,Maintain performance
STU1167,20,Male,ECE,287,335,12,9,0,0,0,298,Low,26.53,Low Risk,No,Maintain performance
STU1168,18,Female,IT,186,380,46,8,0,0,1,99,High,31.6,Low Risk,No,Maintain performance
STU1169,24,Female,ECE,148,353,11,4,1,0,0,59,Low,65.67,Medium Risk,No,Improve consistency
STU1170,24,Male,IT,186,271,4,0,0,0,1,19,Low,72.8,High Risk,Yes,"Attend mentoring, increase activity"
STU1171,19,Male,CSE,34,292,36,0,0,1,0,88,Low,73.87,High Risk,Yes,"Attend mentoring, increase activity"
STU1172,19,Female,EEE,88,238,30,1,0,0,1,46,Low,68.27,Medium Risk,No,Improve consistency
STU1173,21,Female,EEE,170,289,27,9,0,0,0,68,Low,33.13,Low Risk,No,Maintain performance
STU1174,22,Male,CSE,288,299,27,9,0,0,1,97,High,27.4,Low Risk,No,Maintain performance
STU1175,20,Male,ECE,285,689,29,4,0,1,0,113,High,36.6,Low Risk,No,Maintain performance
STU1176,24,Female,ECE,100,56,17,3,0,0,0,286,Low,60.47,Medium Risk,No,Improve consistency
STU1177,24,Male,ECE,270,724,43,0,1,0,0,113,High,38.2,Low Risk,No,Maintain performance
STU1178,18,Female,CSE,229,223,26,3,0,0,1,263,Low,47.87,Medium Risk,No,Improve consistency
STU1179,21,Female,ECE,46,767,34,3,0,1,0,239,Low,67.47,Medium Risk,No,Improve consistency
STU1180,22,Female,CSE,250,33,25,9,0,0,0,46,Low,23.67,Low Risk,No,Maintain performance
STU1181,21,Female,IT,212,330,38,3,1,0,0,151,Low,42.93,Medium Risk,No,Improve consistency
STU1182,23,Male,IT,241,283,48,0,0,0,0,52,High,29.07,Low Risk,No,Maintain performance
STU1183,22,Male,CSE,26,565,17,8,0,0,0,125,Low,60.33,Medium Risk,No,Improve consistency
STU1184,24,Male,EEE,189,322,32,2,1,0,1,93,Low,61.6,Medium Risk,No,Improve consistency
STU1185,24,Male,IT,246,372,24,3,0,0,0,268,High,36.8,Low Risk,No,Maintain performance
STU1186,22,Male,ECE,287,677,30,4,0,0,0,96,High,25.73,Low Risk,No,Maintain performance
STU1187,24,Male,CSE,45,389,36,6,0,0,1,105,Low,60.4,Medium Risk,No,Improve consistency
STU1188,20,Male,ECE,166,720,1,5,1,0,0,264,Low,67.27,Medium Risk,No,Improve consistency
STU1189,22,Female,ECE,164,683,32,4,0,0,0,145,High,40.93,Medium Risk,No,Improve consistency
STU1190,21,Male,EEE,93,479,38,7,0,0,0,257,Low,40.8,Medium Risk,No,Improve consistency
STU1191,22,Male,ECE,16,755,42,0,0,0,0,101,Low,62.67,Medium Risk,No,Improve consistency
STU1192,24,Female,EEE,77,684,42,6,0,1,0,256,High,52.53,Medium Risk,No,Improve consistency
STU1193,20,Male,IT,80,125,31,5,1,0,0,267,Low,60.73,Medium Risk,No,Improve consistency
STU1194,20,Male,CSE,205,614,17,4,0,0,1,196,High,54.47,Medium Risk,No,Improve consistency
STU1195,23,Female,ECE,14,51,16,6,0,0,0,133,Low,66.53,Medium Risk,No,Improve consistency
STU1196,21,Male,CSE,230,388,33,2,1,0,0,269,High,45.53,Medium Risk,No,Improve consistency
STU1197,19,Male,ECE,180,731,38,0,0,0,1,178,High,53.2,Medium Risk,No,Improve consistency
STU1198,19,Male,CSE,280,215,6,8,0,0,0,120,Low,33.07,Low Risk,No,Maintain performance
STU1199,22,Female,ECE,43,475,41,1,1,1,1,299,Low,87.67,High Risk,Yes,"Attend mentoring, increase activity"
STU1200,23,Male,ECE,64,741,34,9,0,0,0,96,Low,43.07,Medium Risk,No,Improve consistency
STU1201,18,Male,ECE,70,289,29,2,0,1,0,22,Low,69.27,Medium Risk,No,Improve consistency
STU1202,22,Female,ECE,128,657,11,7,0,1,0,272,Low,62.33,Medium Risk,No,Improve consistency
STU1203,23,Male,ECE,168,627,34,9,0,1,0,297,High,39.2,Low Risk,No,Maintain performance
STU1204,21,Female,ECE,163,127,10,8,1,0,0,32,Low,56.27,Medium Risk,No,Improve consistency
STU1205,21,Female,ECE,61,246,43,2,0,0,0,209,Low,52.07,Medium Risk,No,Improve consistency
STU1206,21,Male,ECE,82,318,3,5,0,0,0,251,Low,67.27,Medium Risk,No,Improve consistency
STU1207,21,Female,ECE,198,465,24,6,0,0,0,248,Low,37.2,Low Risk,No,Maintain performance
STU1208,21,Female,CSE,289,484,47,0,0,0,0,174,High,23.27,Low Risk,No,Maintain performance
STU1209,23,Male,EEE,19,109,31,6,1,0,0,235,Low,66.87,Medium Risk,No,Improve consistency
STU1210,23,Female,ECE,16,270,19,3,0,1,0,185,Low,80.47,High Risk,Yes,"Attend mentoring, increase activity"
STU1211,20,Female,EEE,105,314,49,4,1,0,0,38,Low,48.6,Medium Risk,No,Improve consistency
STU1212,19,Male,ECE,160,363,30,7,0,0,0,174,Low,36.67,Low Risk,No,Maintain performance
STU1213,24,Male,ECE,129,295,3,3,0,0,0,32,Low,65,Medium Risk,No,Improve consistency
STU1214,21,Male,CSE,284,337,37,3,0,0,0,53,High,23.93,Low Risk,No,Maintain performance
STU1215,18,Female,IT,114,112,46,7,1,0,0,270,Low,43.2,Medium Risk,No,Improve consistency
STU1216,24,Male,IT,150,72,0,4,0,0,0,189,Low,62,Medium Risk,No,Improve consistency
STU1217,23,Female,CSE,220,696,2,5,0,0,1,148,High,59.47,Medium Risk,No,Improve consistency
STU1218,18,Female,EEE,166,291,36,4,0,0,0,257,Low,38.27,Low Risk,No,Maintain performance
STU1219,18,Female,IT,132,450,21,0,0,0,0,250,Low,59.8,Medium Risk,No,Improve consistency
STU1220,18,Female,CSE,154,302,16,6,0,0,1,115,Low,57.87,Medium Risk,No,Improve consistency
STU1221,20,Female,CSE,40,747,13,5,1,0,1,182,Low,86.87,High Risk,Yes,"Attend mentoring, increase activity"
STU1222,23,Female,IT,177,16,40,1,0,0,1,58,Low,50.4,Medium Risk,No,Improve consistency
STU1223,18,Female,EEE,26,648,34,6,0,0,0,132,Low,54.13,Medium Risk,No,Improve consistency
STU1224,21,Male,CSE,210,101,12,5,0,0,0,44,Low,44.8,Medium Risk,No,Improve consistency
STU1225,22,Male,ECE,131,199,34,4,0,0,1,115,Low,54.13,Medium Risk,No,Improve consistency
STU1226,18,Female,EEE,221,485,42,7,0,0,1,205,High,31.33,Low Risk,No,Maintain performance
STU1227,20,Female,EEE,100,520,1,4,0,0,0,118,Low,68.07,Medium Risk,No,Improve consistency
STU1228,24,Male,IT,168,471,46,1,0,0,0,134,High,38,Low Risk,No,Maintain performance
STU1229,23,Female,IT,152,62,12,5,0,1,1,46,Low,72.53,High Risk,Yes,"Attend mentoring, increase activity"
STU1230,20,Male,ECE,22,763,15,0,0,0,0,197,Low,78.07,High Risk,Yes,"Attend mentoring, increase activity"
STU1231,18,Male,CSE,298,495,17,4,0,0,0,32,High,32.07,Low Risk,No,Maintain performance
STU1232,23,Male,IT,199,653,6,5,0,0,0,270,High,49.87,Medium Risk,No,Improve consistency
STU1233,22,Female,IT,155,499,44,6,0,0,0,203,High,30.93,Low Risk,No,Maintain performance
STU1234,18,Female,EEE,127,373,35,1,0,0,0,161,Low,50.07,Medium Risk,No,Improve consistency
STU1235,20,Male,IT,191,121,40,0,0,1,0,27,Low,50.53,Medium Risk,No,Improve consistency
STU1236,19,Male,IT,153,418,29,5,0,1,1,36,Low,62.2,Medium Risk,No,Improve consistency
STU1237,21,Male,IT,108,16,41,2,0,0,0,33,Low,47,Medium Risk,No,Improve consistency
STU1238,24,Male,IT,247,751,40,4,0,1,0,38,High,35.07,Low Risk,No,Maintain performance
STU1239,20,Male,EEE,235,677,6,1,0,0,1,148,High,63.07,Medium Risk,No,Improve consistency
STU1240,23,Female,ECE,210,206,14,0,0,0,0,155,Low,53.6,Medium Risk,No,Improve consistency
STU1241,18,Male,ECE,202,744,39,0,1,0,0,132,High,49.67,Medium Risk,No,Improve consistency
STU1242,21,Female,CSE,91,376,18,3,0,0,0,137,Low,61.07,Medium Risk,No,Improve consistency
STU1243,18,Male,IT,146,259,42,9,0,0,0,126,Low,27.33,Low Risk,No,Maintain performance
STU1244,23,Female,EEE,203,604,36,1,1,0,0,141,High,49.33,Medium Risk,No,Improve consistency
STU1245,18,Female,CSE,50,249,1,0,0,0,0,298,Low,82.73,High Risk,Yes,"Attend mentoring, increase activity"
STU1246,19,Female,CSE,292,389,41,5,0,0,1,215,High,26.47,Low Risk,No,Maintain performance
STU1247,21,Female,ECE,19,480,47,3,0,0,1,245,Low,63.27,Medium Risk,No,Improve consistency
STU1248,21,Female,EEE,48,784,12,9,0,0,0,51,Low,58.4,Medium Risk,No,Improve consistency
STU1249,23,Female,EEE,173,710,39,6,0,0,0,169,High,31.53,Low Risk,No,Maintain performance
STU1250,24,Male,EEE,48,464,40,5,0,0,0,261,Low,49.6,Medium Risk,No,Improve consistency
STU1251,19,Female,ECE,102,375,42,4,0,0,0,188,Low,43.2,Medium Risk,No,Improve consistency
STU1252,20,Male,ECE,265,299,42,9,0,1,0,134,High,21.47,Low Risk,No,Maintain performance
STU1253,18,Female,ECE,113,412,30,1,0,0,1,269,Low,64.93,Medium Risk,No,Improve consistency
STU1254,22,Female,ECE,287,67,15,4,0,1,0,285,Low,44.73,Medium Risk,No,Improve consistency
STU1255,18,Male,ECE,108,530,41,8,0,0,0,222,Low,35,Low Risk,No,Maintain performance
STU1256,18,Female,IT,260,313,43,8,0,0,0,199,High,13.53,Low Risk,No,Maintain performance
STU1257,20,Male,IT,210,124,5,1,0,1,0,67,Low,67,Medium Risk,No,Improve consistency
STU1258,18,Male,EEE,47,219,27,6,0,0,1,212,Low,65.53,Medium Risk,No,Improve consistency
STU1259,19,Male,CSE,249,50,31,9,0,0,1,89,Low,30.2,Low Risk,No,Maintain performance
STU1260,19,Male,EEE,291,182,43,3,0,0,0,237,High,19.4,Low Risk,No,Maintain performance
STU1261,21,Female,CSE,277,243,9,2,1,0,0,104,Low,53.67,Medium Risk,No,Improve consistency
STU1262,23,Female,ECE,87,599,49,0,1,0,1,13,High,69,Medium Risk,No,Improve consistency
STU1263,24,Male,CSE,114,629,17,2,0,0,1,174,Low,70.6,High Risk,Yes,"Attend mentoring, increase activity"
STU1264,22,Female,EEE,194,412,3,8,0,1,1,51,Low,66.33,Medium Risk,No,Improve consistency
STU1265,18,Female,EEE,292,48,8,8,0,0,0,294,Low,30.27,Low Risk,No,Maintain performance
STU1266,18,Male,CSE,255,128,6,6,0,0,0,238,Low,40.4,Medium Risk,No,Improve consistency
STU1267,20,Female,IT,216,344,49,2,1,1,0,252,High,47.8,Medium Risk,No,Improve consistency
STU1268,23,Male,ECE,295,345,7,2,0,0,0,221,Low,42.47,Medium Risk,No,Improve consistency
STU1269,19,Male,ECE,137,548,42,3,1,0,1,64,High,60.53,Medium Risk,No,Improve consistency
STU1270,22,Female,EEE,205,625,6,6,0,0,0,182,High,47.07,Medium Risk,No,Improve consistency
STU1271,21,Female,IT,289,83,40,6,0,0,0,286,Low,15.47,Low Risk,No,Maintain performance
STU1272,19,Female,CSE,99,200,39,1,0,0,0,238,Low,51.4,Medium Risk,No,Improve consistency
STU1273,23,Male,ECE,282,333,2,4,0,0,1,39,Low,53.2,Medium Risk,No,Improve consistency
STU1274,24,Male,IT,223,156,16,6,0,0,0,32,Low,38.67,Low Risk,No,Maintain performance
STU1275,21,Female,ECE,93,776,1,6,0,1,0,14,Low,75,High Risk,Yes,"Attend mentoring, increase activity"
STU1276,24,Female,IT,76,293,14,5,0,0,0,72,Low,61.47,Medium Risk,No,Improve consistency
STU1277,20,Female,IT,251,222,45,9,0,0,0,230,High,11.53,Low Risk,No,Maintain performance
STU1278,20,Female,EEE,133,644,28,9,0,0,0,91,High,37.47,Low Risk,No,Maintain performance
STU1279,18,Male,ECE,216,727,49,7,0,0,0,251,High,17.8,Low Risk,No,Maintain performance
STU1280,24,Female,CSE,100,761,47,2,1,0,1,262,High,64.47,Medium Risk,No,Improve consistency
STU1281,23,Male,EEE,79,403,21,0,0,0,0,61,Low,66.87,Medium Risk,No,Improve consistency
STU1282,22,Male,EEE,58,348,3,2,0,0,0,48,Low,76.47,High Risk,Yes,"Attend mentoring, increase activity"
STU1283,21,Female,CSE,58,31,5,1,1,1,1,268,Low,107.27,High Risk,Yes,"Attend mentoring, increase activity"
STU1284,19,Female,EEE,222,780,37,1,0,0,1,280,High,46.2,Medium Risk,No,Improve consistency
STU1285,23,Female,IT,20,114,25,1,0,0,0,81,Low,70.33,High Risk,Yes,"Attend mentoring, increase activity"
STU1286,23,Male,IT,103,475,10,4,1,0,0,79,Low,72.27,High Risk,Yes,"Attend mentoring, increase activity"
STU1287,20,Female,ECE,24,468,25,0,0,0,0,229,Low,71.8,High Risk,Yes,"Attend mentoring, increase activity"
STU1288,24,Female,ECE,50,441,16,9,0,0,0,13,Low,55.73,Medium Risk,No,Improve consistency
STU1289,18,Male,CSE,197,779,23,3,0,0,1,299,High,53.93,Medium Risk,No,Improve consistency
STU1290,18,Female,ECE,62,725,27,9,0,1,1,240,Low,67.53,Medium Risk,No,Improve consistency
STU1291,21,Male,IT,115,783,34,4,0,0,0,89,High,46.27,Medium Risk,No,Improve consistency
STU1292,20,Female,CSE,133,628,30,1,1,0,0,75,High,62.27,Medium Risk,No,Improve consistency
STU1293,23,Male,CSE,198,772,12,4,0,0,0,145,High,48.4,Medium Risk,No,Improve consistency
STU1294,22,Female,ECE,12,230,34,9,0,1,0,200,Low,60,Medium Risk,No,Improve consistency
STU1295,20,Female,IT,33,388,15,3,0,0,0,68,Low,70.6,High Risk,Yes,"Attend mentoring, increase activity"
STU1296,21,Male,CSE,116,231,14,7,0,0,0,275,Low,52.13,Medium Risk,No,Improve consistency
STU1297,21,Male,IT,165,267,42,0,1,0,0,16,Low,52.8,Medium Risk,No,Improve consistency
STU1298,20,Female,IT,135,722,17,4,0,0,0,211,High,53.8,Medium Risk,No,Improve consistency
STU1299,21,Male,IT,192,376,46,9,1,0,0,246,High,28.8,Low Risk,No,Maintain performance
STU1300,20,Male,ECE,167,779,36,0,0,0,0,277,High,46.13,Medium Risk,No,Improve consistency
STU1301,19,Male,EEE,201,358,47,9,0,0,0,88,High,17,Low Risk,No,Maintain performance
STU1302,20,Male,EEE,208,234,47,9,1,0,1,55,Low,36.07,Low Risk,No,Maintain performance
STU1303,24,Female,CSE,216,723,48,3,1,0,0,252,High,36.4,Low Risk,No,Maintain performance
STU1304,20,Female,IT,113,747,40,7,1,0,0,297,High,46.93,Medium Risk,No,Improve consistency
STU1305,21,Male,ECE,280,245,26,0,0,0,0,169,Low,37.07,Low Risk,No,Maintain performance
STU1306,24,Male,IT,77,192,34,1,0,1,0,124,Low,67.33,Medium Risk,No,Improve consistency
STU1307,21,Male,IT,171,721,44,0,0,0,0,123,High,40.8,Medium Risk,No,Improve consistency
STU1308,18,Male,ECE,264,767,34,6,1,0,0,135,High,32.4,Low Risk,No,Maintain performance
STU1309,18,Female,EEE,247,453,27,1,0,0,0,99,High,38.87,Low Risk,No,Maintain performance
STU1310,24,Female,IT,279,632,38,0,0,0,0,70,High,30,Low Risk,No,Maintain performance
STU1311,19,Male,IT,106,15,37,5,0,0,0,111,Low,43.67,Medium Risk,No,Improve consistency
STU1312,18,Male,EEE,177,245,8,5,0,0,0,123,Low,51.6,Medium Risk,No,Improve consistency
STU1313,20,Male,ECE,175,136,11,9,1,0,1,183,Low,62.07,Medium Risk,No,Improve consistency
STU1314,21,Female,CSE,145,113,14,1,0,0,0,101,Low,60.27,Medium Risk,No,Improve consistency
STU1315,18,Male,EEE,192,758,20,0,0,0,0,192,High,52.4,Medium Risk,No,Improve consistency
STU1316,18,Female,CSE,90,489,34,9,0,0,0,214,Low,39.6,Low Risk,No,Maintain performance
STU1317,19,Male,CSE,56,164,41,2,0,1,0,204,Low,63.93,Medium Risk,No,Improve consistency
STU1318,24,Female,EEE,115,266,32,9,0,0,0,34,Low,37.47,Low Risk,No,Maintain performance
STU1319,24,Male,IT,47,244,18,4,0,0,0,243,Low,64.93,Medium Risk,No,Improve consistency
STU1320,23,Female,CSE,215,509,22,5,0,0,1,25,High,48.13,Medium Risk,No,Improve consistency
STU1321,19,Male,CSE,204,298,12,2,0,0,0,150,Low,51.6,Medium Risk,No,Improve consistency
STU1322,20,Male,ECE,244,519,43,8,0,1,0,117,High,25.67,Low Risk,No,Maintain performance
STU1323,24,Male,IT,119,561,0,4,0,0,0,89,Low,66.13,Medium Risk,No,Improve consistency
STU1324,21,Female,CSE,30,718,28,1,0,0,0,85,Low,67.2,Medium Risk,No,Improve consistency
STU1325,19,Male,ECE,81,794,23,9,0,0,0,285,Low,47.4,Medium Risk,No,Improve consistency
STU1326,18,Female,IT,141,785,15,5,0,1,1,277,High,72.2,High Risk,Yes,"Attend mentoring, increase activity"
STU1327,21,Female,EEE,24,578,24,7,0,0,0,121,Low,58.4,Medium Risk,No,Improve consistency
STU1328,21,Male,EEE,215,307,22,5,1,0,1,84,Low,58.13,Medium Risk,No,Improve consistency
STU1329,18,Male,ECE,244,619,27,3,0,0,0,223,High,35.27,Low Risk,No,Maintain performance
STU1330,19,Male,EEE,43,146,46,5,0,0,1,43,Low,56.67,Medium Risk,No,Improve consistency
STU1331,18,Female,CSE,272,385,15,7,1,0,1,150,High,50.73,Medium Risk,No,Improve consistency
STU1332,23,Male,IT,211,96,42,7,0,1,1,175,Low,42.67,Medium Risk,No,Improve consistency
STU1333,21,Female,CSE,271,428,37,9,1,0,1,240,High,33.67,Low Risk,No,Maintain performance
STU1334,22,Female,CSE,158,763,10,1,0,0,0,37,High,60.93,Medium Risk,No,Improve consistency
STU1335,22,Male,EEE,46,208,2,7,1,0,0,100,Low,78.67,High Risk,Yes,"Attend mentoring, increase activity"
STU1336,20,Male,CSE,15,472,14,5,1,0,0,124,Low,79.6,High Risk,Yes,"Attend mentoring, increase activity"
STU1337,24,Male,EEE,298,446,0,1,0,0,0,168,High,48.27,Medium Risk,No,Improve consistency
STU1338,18,Male,IT,102,319,6,0,0,0,1,267,Low,82.8,High Risk,Yes,"Attend mentoring, increase activity"
STU1339,18,Male,IT,279,605,0,5,0,0,0,99,High,42.8,Medium Risk,No,Improve consistency
STU1340,20,Male,CSE,234,763,48,6,0,1,0,254,High,28,Low Risk,No,Maintain performance
STU1341,20,Female,ECE,224,290,31,9,0,0,0,40,Low,23.53,Low Risk,No,Maintain performance
STU1342,20,Female,EEE,69,332,8,4,0,1,1,237,Low,88,High Risk,Yes,"Attend mentoring, increase activity"
STU1343,21,Female,EEE,236,773,28,9,0,0,1,137,High,33.73,Low Risk,No,Maintain performance
STU1344,23,Male,CSE,56,711,25,7,0,0,0,279,Low,53.53,Medium Risk,No,Improve consistency
STU1345,18,Female,EEE,267,161,22,8,1,0,0,279,Low,35.2,Low Risk,No,Maintain performance
STU1346,21,Female,EEE,271,311,44,3,0,1,0,218,High,31.47,Low Risk,No,Maintain performance
STU1347,20,Female,ECE,158,287,42,6,0,0,0,187,Low,31.73,Low Risk,No,Maintain performance
STU1348,18,Female,ECE,144,660,28,7,0,1,0,200,High,50,Medium Risk,No,Improve consistency
STU1349,21,Female,CSE,55,697,37,5,0,1,0,77,Low,60.47,Medium Risk,No,Improve consistency
STU1350,23,Male,ECE,121,17,32,1,0,0,0,276,Low,52.67,Medium Risk,No,Improve consistency
STU1351,21,Male,CSE,50,244,6,6,1,0,0,279,Low,77.73,High Risk,Yes,"Attend mentoring, increase activity"
STU1352,23,Female,IT,92,684,11,8,0,0,0,137,Low,55.13,Medium Risk,No,Improve consistency
STU1353,20,Female,CSE,212,570,30,4,0,0,1,273,High,45.73,Medium Risk,No,Improve consistency
STU1354,23,Female,IT,273,311,31,1,1,0,1,230,High,53,Medium Risk,No,Improve consistency
STU1355,18,Male,CSE,93,47,19,3,1,0,0,251,Low,70.2,High Risk,Yes,"Attend mentoring, increase activity"
STU1356,20,Male,EEE,122,145,16,2,0,1,1,253,Low,80.13,High Risk,Yes,"Attend mentoring, increase activity"
STU1357,18,Female,ECE,58,430,35,3,0,0,0,28,Low,55.27,Medium Risk,No,Improve consistency
STU1358,22,Male,IT,120,228,2,9,0,1,0,164,Low,64.8,Medium Risk,No,Improve consistency
STU1359,19,Male,CSE,122,357,0,6,0,0,0,238,Low,61.73,Medium Risk,No,Improve consistency
STU1360,23,Female,ECE,264,555,49,9,1,0,1,67,High,27.4,Low Risk,No,Maintain performance
STU1361,19,Male,CSE,79,88,26,7,0,0,0,290,Low,49.87,Medium Risk,No,Improve consistency
STU1362,19,Male,ECE,11,757,46,0,0,0,0,54,Low,60.93,Medium Risk,No,Improve consistency
STU1363,23,Female,ECE,126,282,39,7,1,1,0,111,Low,55.8,Medium Risk,No,Improve consistency
STU1364,20,Male,CSE,15,170,32,4,0,1,1,57,Low,80.8,High Risk,Yes,"Attend mentoring, increase activity"
STU1365,22,Male,IT,219,696,19,6,1,1,1,59,High,67.4,Medium Risk,No,Improve consistency
STU1366,18,Female,IT,283,317,13,0,0,1,0,90,Low,54.47,Medium Risk,No,Improve consistency
STU1367,21,Male,EEE,32,383,35,1,0,0,1,68,Low,72.73,High Risk,Yes,"Attend mentoring, increase activity"
STU1368,18,Male,ECE,239,742,4,0,0,0,0,170,High,55.73,Medium Risk,No,Improve consistency
STU1369,21,Female,EEE,30,18,22,4,0,0,1,112,Low,74.8,High Risk,Yes,"Attend mentoring, increase activity"
STU1370,18,Female,EEE,58,453,44,5,0,1,1,283,Low,65.87,Medium Risk,No,Improve consistency
STU1371,23,Female,CSE,33,122,14,9,0,0,0,192,Low,59.2,Medium Risk,No,Improve consistency
STU1372,22,Male,CSE,168,214,5,8,0,1,1,125,Low,68.6,Medium Risk,No,Improve consistency
STU1373,21,Female,CSE,274,414,32,7,1,0,0,276,High,30.27,Low Risk,No,Maintain performance
STU1374,24,Male,ECE,39,707,18,6,0,1,1,173,Low,82,High Risk,Yes,"Attend mentoring, increase activity"
STU1375,20,Female,CSE,290,206,12,4,0,0,1,152,Low,46.13,Medium Risk,No,Improve consistency
STU1376,18,Male,CSE,277,787,28,2,0,0,0,103,High,32.27,Low Risk,No,Maintain performance
STU1377,18,Female,ECE,212,783,5,8,1,1,0,259,High,62.73,Medium Risk,No,Improve consistency
STU1378,21,Female,ECE,242,769,14,4,0,1,0,249,High,51.33,Medium Risk,No,Improve consistency
STU1379,20,Female,IT,97,124,15,2,0,0,1,68,Low,74.07,High Risk,Yes,"Attend mentoring, increase activity"
STU1380,20,Female,CSE,177,130,23,2,0,1,1,24,Low,68.6,Medium Risk,No,Improve consistency
STU1381,23,Male,CSE,83,662,22,2,0,1,0,294,Low,71.73,High Risk,Yes,"Attend mentoring, increase activity"
STU1382,24,Female,CSE,114,74,47,5,0,0,0,212,Low,36.6,Low Risk,No,Maintain performance
STU1383,23,Female,IT,221,285,9,0,0,0,0,246,Low,55.13,Medium Risk,No,Improve consistency
STU1384,23,Male,CSE,110,248,40,3,0,0,0,296,Low,45.33,Medium Risk,No,Improve consistency
STU1385,23,Female,IT,51,311,40,7,1,0,0,82,Low,55.2,Medium Risk,No,Improve consistency
STU1386,23,Male,EEE,185,401,48,2,1,0,0,223,High,42.53,Medium Risk,No,Improve consistency
STU1387,23,Female,IT,68,531,16,4,0,0,0,20,Low,63.33,Medium Risk,No,Improve consistency
STU1388,22,Female,EEE,250,378,48,1,0,0,0,234,High,25.87,Low Risk,No,Maintain performance
STU1389,20,Female,CSE,248,242,43,1,0,0,0,212,High,29.13,Low Risk,No,Maintain performance
STU1390,23,Male,EEE,91,204,44,6,0,0,1,240,Low,49.47,Medium Risk,No,Improve consistency
STU1391,20,Female,IT,221,21,29,9,1,0,0,60,Low,35.13,Low Risk,No,Maintain performance
STU1392,20,Female,ECE,11,698,43,2,0,0,0,66,Low,58.73,Medium Risk,No,Improve consistency
STU1393,19,Female,EEE,282,186,45,4,0,0,0,141,High,17.4,Low Risk,No,Maintain performance
STU1394,22,Male,EEE,214,226,9,2,1,0,0,289,Low,62.07,Medium Risk,No,Improve consistency
STU1395,23,Male,CSE,173,20,18,5,0,1,0,234,Low,56.13,Medium Risk,No,Improve consistency
STU1396,18,Female,IT,142,455,28,9,0,0,0,183,Low,36.27,Low Risk,No,Maintain performance
STU1397,21,Male,EEE,234,639,1,2,0,0,0,275,High,54.2,Medium Risk,No,Improve consistency
STU1398,24,Female,EEE,165,173,35,7,0,0,1,256,Low,43,Medium Risk,No,Improve consistency
STU1399,18,Female,EEE,5,560,18,1,0,0,0,87,Low,76.53,High Risk,Yes,"Attend mentoring, increase activity"
STU1400,22,Female,EEE,240,62,6,2,0,0,0,144,Low,50.4,Medium Risk,No,Improve consistency
STU1401,21,Female,ECE,192,227,25,7,0,0,0,149,Low,35.4,Low Risk,No,Maintain performance
STU1402,22,Female,IT,8,727,14,7,0,0,0,262,Low,66.53,Medium Risk,No,Improve consistency
STU1403,20,Female,CSE,136,369,46,0,0,1,1,185,Low,64.27,Medium Risk,No,Improve consistency
STU1404,21,Female,CSE,222,394,37,7,0,0,1,69,High,34.2,Low Risk,No,Maintain performance
STU1405,20,Male,ECE,264,65,2,9,0,1,0,263,Low,45.6,Medium Risk,No,Improve consistency
STU1406,18,Male,IT,5,127,37,1,0,1,0,17,Low,75.13,High Risk,Yes,"Attend mentoring, increase activity"
STU1407,18,Male,EEE,75,262,15,6,0,0,1,116,Low,69,Medium Risk,No,Improve consistency
STU1408,21,Male,ECE,182,789,1,5,0,0,0,180,High,55.13,Medium Risk,No,Improve consistency
STU1409,21,Male,IT,193,189,30,1,0,0,0,67,Low,44.27,Medium Risk,No,Improve consistency
STU1410,23,Male,EEE,295,424,27,4,0,0,0,299,High,26.47,Low Risk,No,Maintain performance
STU1411,22,Male,ECE,12,244,6,6,0,1,0,93,Low,82.8,High Risk,Yes,"Attend mentoring, increase activity"
STU1412,23,Female,IT,257,717,29,7,0,0,1,126,High,34.33,Low Risk,No,Maintain performance
STU1413,22,Female,CSE,296,89,42,2,0,0,0,209,High,21.33,Low Risk,No,Maintain performance
STU1414,23,Female,CSE,248,656,6,0,0,1,0,31,High,63.33,Medium Risk,No,Improve consistency
STU1415,20,Female,IT,127,31,35,6,0,1,0,228,Low,50.07,Medium Risk,No,Improve consistency
STU1416,21,Male,CSE,287,486,28,4,0,0,1,235,High,36.93,Low Risk,No,Maintain performance
STU1417,18,Male,IT,36,449,23,4,1,1,0,280,Low,83.4,High Risk,Yes,"Attend mentoring, increase activity"
STU1418,22,Female,EEE,150,746,38,6,0,0,1,111,High,45.2,Medium Risk,No,Improve consistency
STU1419,22,Female,IT,160,579,3,0,1,0,0,154,Low,76.87,High Risk,Yes,"Attend mentoring, increase activity"
STU1420,18,Male,EEE,20,102,28,7,0,0,1,156,Low,66.53,Medium Risk,No,Improve consistency
STU1421,23,Female,ECE,51,201,43,9,0,0,0,270,Low,39.4,Low Risk,No,Maintain performance
STU1422,22,Female,IT,255,112,4,4,0,0,0,288,Low,45.6,Medium Risk,No,Improve consistency
STU1423,24,Female,ECE,191,405,28,7,0,0,0,23,Low,33.73,Low Risk,No,Maintain performance
STU1424,20,Female,CSE,35,16,29,9,0,0,1,275,Low,59.93,Medium Risk,No,Improve consistency
STU1425,21,Male,EEE,264,649,28,9,0,0,0,296,High,20,Low Risk,No,Maintain performance
STU1426,18,Female,IT,21,576,25,4,1,0,0,150,Low,74.2,High Risk,Yes,"Attend mentoring, increase activity"
STU1427,21,Female,ECE,43,240,18,6,1,1,0,40,Low,81.47,High Risk,Yes,"Attend mentoring, increase activity"
STU1428,24,Male,EEE,43,583,25,9,0,0,0,180,Low,51.27,Medium Risk,No,Improve consistency
STU1429,22,Male,EEE,136,249,36,2,1,0,1,214,Low,66.27,Medium Risk,No,Improve consistency
STU1430,22,Female,CSE,34,99,26,1,1,1,0,120,Low,87.87,High Risk,Yes,"Attend mentoring, increase activity"
STU1431,24,Male,CSE,162,241,29,5,1,1,1,77,Low,71,High Risk,Yes,"Attend mentoring, increase activity"
STU1432,18,Female,EEE,282,466,29,4,0,0,0,192,High,27,Low Risk,No,Maintain performance
STU1433,20,Female,EEE,207,242,2,8,0,0,1,205,Low,55.2,Medium Risk,No,Improve consistency
STU1434,19,Male,IT,70,363,42,9,0,1,0,135,Low,47.47,Medium Risk,No,Improve consistency
STU1435,18,Female,EEE,112,342,6,3,0,1,0,184,Low,75.47,High Risk,Yes,"Attend mentoring, increase activity"
STU1436,19,Female,IT,272,448,48,2,1,0,0,271,High,30.93,Low Risk,No,Maintain performance
STU1437,24,Female,EEE,226,384,8,8,0,0,1,295,Low,49.07,Medium Risk,No,Improve consistency
STU1438,23,Female,CSE,296,301,40,7,0,0,0,164,High,12.53,Low Risk,No,Maintain performance
STU1439,19,Male,IT,22,354,41,5,1,0,0,78,Low,62.47,Medium Risk,No,Improve consistency
STU1440,20,Male,ECE,94,673,12,0,0,0,1,117,Low,80.27,High Risk,Yes,"Attend mentoring, increase activity"
STU1441,23,Female,CSE,185,437,14,9,1,0,1,44,Low,58.93,Medium Risk,No,Improve consistency
STU1442,19,Male,IT,259,666,4,0,0,0,1,53,High,63.07,Medium Risk,No,Improve consistency
STU1443,24,Female,IT,257,139,28,5,0,1,0,152,Low,38.93,Low Risk,No,Maintain performance
STU1444,23,Female,ECE,261,150,34,2,0,0,0,220,Low,30.8,Low Risk,No,Maintain performance
STU1445,24,Female,IT,91,424,26,2,0,0,1,294,Low,68.27,Medium Risk,No,Improve consistency
STU1446,19,Female,EEE,94,102,26,5,0,1,0,15,Low,61.87,Medium Risk,No,Improve consistency
STU1447,24,Female,ECE,241,635,7,2,1,0,0,227,High,59.67,Medium Risk,No,Improve consistency
STU1448,20,Male,CSE,74,293,31,9,1,0,0,36,Low,53.53,Medium Risk,No,Improve consistency
STU1449,19,Female,CSE,48,664,19,5,0,1,1,236,Low,82.2,High Risk,Yes,"Attend mentoring, increase activity"
STU1450,19,Male,EEE,204,232,9,4,0,0,0,293,Low,49.4,Medium Risk,No,Improve consistency
STU1451,19,Male,CSE,156,753,12,3,1,1,1,65,High,86,High Risk,Yes,"Attend mentoring, increase activity"
STU1452,18,Female,IT,90,472,28,7,0,0,0,114,Low,47.2,Medium Risk,No,Improve consistency
STU1453,18,Female,IT,23,554,34,1,0,0,1,27,Low,74.53,High Risk,Yes,"Attend mentoring, increase activity"
STU1454,18,Female,EEE,105,285,7,6,1,1,0,214,Low,79.8,High Risk,Yes,"Attend mentoring, increase activity"
STU1455,20,Female,CSE,99,691,28,3,1,0,0,52,Low,64,Medium Risk,No,Improve consistency
STU1456,23,Female,CSE,258,149,30,1,0,0,0,98,Low,35.6,Low Risk,No,Maintain performance
STU1457,24,Male,EEE,34,366,40,6,0,0,1,83,Low,59.47,Medium Risk,No,Improve consistency
STU1458,22,Female,ECE,253,722,29,0,0,0,0,166,High,38.87,Low Risk,No,Maintain performance
STU1459,19,Female,CSE,37,32,21,3,0,1,1,275,Low,86.47,High Risk,Yes,"Attend mentoring, increase activity"
STU1460,24,Male,ECE,233,745,20,8,1,0,0,143,High,40.93,Medium Risk,No,Improve consistency
STU1461,19,Male,CSE,16,279,11,3,1,0,0,98,Low,85.27,High Risk,Yes,"Attend mentoring, increase activity"
STU1462,20,Female,CSE,122,674,10,2,0,0,0,245,Low,63.73,Medium Risk,No,Improve consistency
STU1463,19,Male,CSE,159,342,1,9,0,0,0,141,Low,50.2,Medium Risk,No,Improve consistency
STU1464,18,Female,CSE,250,94,49,9,1,1,1,238,Low,39.27,Low Risk,No,Maintain performance
STU1465,22,Male,IT,251,630,40,1,0,1,0,43,High,40.53,Medium Risk,No,Improve consistency
STU1466,21,Male,ECE,33,40,1,2,0,0,1,92,Low,91,High Risk,Yes,"Attend mentoring, increase activity"
STU1467,19,Female,ECE,165,750,33,0,1,0,1,141,High,68.2,Medium Risk,No,Improve consistency
STU1468,24,Male,CSE,239,249,2,9,0,0,0,213,Low,38.93,Low Risk,No,Maintain performance
STU1469,18,Male,CSE,194,372,15,7,0,0,0,296,Low,41.13,Medium Risk,No,Improve consistency
STU1470,21,Male,ECE,121,398,3,0,0,0,0,267,Low,72.07,High Risk,Yes,"Attend mentoring, increase activity"
STU1471,22,Male,IT,275,662,22,2,0,0,1,134,High,46.13,Medium Risk,No,Improve consistency
STU1472,21,Male,EEE,262,677,49,2,0,0,0,160,High,21.67,Low Risk,No,Maintain performance
STU1473,18,Male,EEE,184,308,19,1,0,1,0,256,Low,62.07,Medium Risk,No,Improve consistency
STU1474,23,Female,ECE,176,380,24,4,1,0,1,184,Low,64.13,Medium Risk,No,Improve consistency
STU1475,23,Female,CSE,278,108,29,9,0,0,0,89,Low,17.53,Low Risk,No,Maintain performance
STU1476,21,Male,CSE,263,56,17,2,0,0,0,116,Low,40.73,Medium Risk,No,Improve consistency
STU1477,20,Female,IT,139,431,41,2,0,0,0,67,Low,42.87,Medium Risk,No,Improve consistency
STU1478,24,Female,EEE,175,489,10,7,0,0,0,100,Low,46.67,Medium Risk,No,Improve consistency
STU1479,24,Female,IT,214,588,28,3,0,0,0,144,High,38.67,Low Risk,No,Maintain performance
STU1480,21,Male,EEE,240,71,16,3,0,1,0,178,Low,52.4,Medium Risk,No,Improve consistency
STU1481,19,Female,ECE,190,118,25,2,0,0,1,131,Low,55.67,Medium Risk,No,Improve consistency
STU1482,19,Male,EEE,99,688,22,0,0,1,0,245,Low,73.6,High Risk,Yes,"Attend mentoring, increase activity"
STU1483,24,Female,IT,15,558,47,7,1,0,0,85,Low,55.8,Medium Risk,No,Improve consistency
STU1484,24,Male,IT,72,128,19,0,0,0,0,32,Low,69,Medium Risk,No,Improve consistency
STU1485,23,Male,IT,214,607,44,6,0,0,0,82,High,23.07,Low Risk,No,Maintain performance
STU1486,20,Female,ECE,200,391,1,4,0,0,0,97,Low,54.73,Medium Risk,No,Improve consistency
STU1487,18,Female,EEE,102,401,23,3,0,0,0,112,Low,56.6,Medium Risk,No,Improve consistency
STU1488,19,Male,EEE,97,61,30,3,0,0,0,103,Low,53.07,Medium Risk,No,Improve consistency
STU1489,24,Female,IT,26,612,26,7,0,0,0,275,Low,56.93,Medium Risk,No,Improve consistency
STU1490,23,Female,EEE,176,298,1,5,0,0,0,262,Low,55.93,Medium Risk,No,Improve consistency
STU1491,22,Female,CSE,138,346,13,0,1,1,0,67,Low,83.8,High Risk,Yes,"Attend mentoring, increase activity"
STU1492,23,Male,CSE,29,213,3,9,0,0,0,18,Low,66.33,Medium Risk,No,Improve consistency
STU1493,19,Male,CSE,189,247,48,7,0,0,0,22,Low,22,Low Risk,No,Maintain performance
STU1494,19,Female,EEE,89,391,12,1,0,0,0,140,Low,68.93,Medium Risk,No,Improve consistency
STU1495,23,Female,ECE,59,676,35,5,0,0,0,231,Low,51.13,Medium Risk,No,Improve consistency
STU1496,18,Female,ECE,255,761,34,8,1,0,0,162,High,29.6,Low Risk,No,Maintain performance
STU1497,21,Male,ECE,148,145,43,0,0,0,0,80,Low,44.47,Medium Risk,No,Improve consistency
STU1498,19,Male,ECE,171,416,7,5,0,1,1,29,Low,73,High Risk,Yes,"Attend mentoring, increase activity"
STU1499,23,Female,CSE,228,517,1,7,0,1,0,90,Low,55,Medium Risk,No,Improve consistency
STU1500,24,Female,CSE,224,371,5,9,0,0,0,237,Low,39.13,Low Risk,No,Maintain performance
STU1501,23,Female,IT,183,390,30,1,0,1,0,28,Low,55.6,Medium Risk,No,Improve consistency
STU1502,20,Female,EEE,123,585,9,4,1,0,1,174,Low,80.2,High Risk,Yes,"Attend mentoring, increase activity"
STU1503,21,Female,EEE,269,644,43,5,0,1,0,116,High,28.33,Low Risk,No,Maintain performance
STU1504,22,Female,ECE,154,263,20,4,0,0,1,223,Low,59.47,Medium Risk,No,Improve consistency
STU1505,18,Male,CSE,219,486,41,2,0,0,1,248,High,42.2,Medium Risk,No,Improve consistency
STU1506,22,Female,ECE,201,123,9,3,0,0,0,156,Low,51.8,Medium Risk,No,Improve consistency
STU1507,21,Male,IT,46,29,22,6,1,0,0,190,Low,68.67,Medium Risk,No,Improve consistency
STU1508,21,Female,EEE,57,537,2,3,0,0,0,207,Low,75.2,High Risk,Yes,"Attend mentoring, increase activity"
STU1509,21,Female,EEE,255,154,31,8,0,1,0,296,Low,31.4,Low Risk,No,Maintain performance
STU1510,22,Male,ECE,299,217,19,9,0,0,0,62,Low,20.73,Low Risk,No,Maintain performance
STU1511,24,Male,IT,275,540,9,1,0,0,1,249,High,55.93,Medium Risk,No,Improve consistency
STU1512,21,Male,EEE,127,385,28,4,0,0,0,299,Low,48.27,Medium Risk,No,Improve consistency
STU1513,23,Male,IT,270,513,40,7,0,1,0,296,High,26,Low Risk,No,Maintain performance
STU1514,22,Female,IT,33,175,45,4,0,1,1,197,Low,70.6,High Risk,Yes,"Attend mentoring, increase activity"
STU1515,21,Male,ECE,39,559,33,9,1,0,0,15,Low,57,Medium Risk,No,Improve consistency
STU1516,23,Female,CSE,10,190,36,7,0,1,1,292,Low,73.07,High Risk,Yes,"Attend mentoring, increase activity"
STU1517,24,Male,ECE,115,626,19,7,1,1,0,272,Low,69.27,Medium Risk,No,Improve consistency
STU1518,20,Female,CSE,298,621,7,8,0,0,0,58,High,30.07,Low Risk,No,Maintain performance
STU1519,24,Female,IT,81,611,6,9,0,1,0,209,Low,67.6,Medium Risk,No,Improve consistency
STU1520,21,Female,CSE,151,453,5,5,0,0,1,69,Low,66.87,Medium Risk,No,Improve consistency
STU1521,22,Female,IT,71,341,10,3,1,0,0,42,Low,78.53,High Risk,Yes,"Attend mentoring, increase activity"
STU1522,19,Female,EEE,12,512,43,2,0,0,1,253,Low,68.6,Medium Risk,No,Improve consistency
STU1523,21,Female,EEE,126,88,17,4,0,0,0,181,Low,55,Medium Risk,No,Improve consistency
STU1524,19,Male,EEE,179,594,41,5,0,0,1,216,High,41.53,Medium Risk,No,Improve consistency
STU1525,23,Female,ECE,183,697,28,2,1,0,1,292,High,64.8,Medium Risk,No,Improve consistency
STU1526,20,Male,ECE,89,405,24,1,1,1,1,31,Low,91.73,High Risk,Yes,"Attend mentoring, increase activity"
STU1527,18,Male,IT,49,617,20,6,0,1,0,56,Low,69.47,Medium Risk,No,Improve consistency
STU1528,24,Female,EEE,140,112,45,4,1,1,0,167,Low,56.33,Medium Risk,No,Improve consistency
STU1529,20,Male,ECE,20,411,2,8,0,0,0,267,Low,70.13,High Risk,Yes,"Attend mentoring, increase activity"
STU1530,21,Female,EEE,199,233,17,2,1,0,0,152,Low,59.27,Medium Risk,No,Improve consistency
STU1531,19,Male,ECE,13,527,23,7,0,0,0,56,Low,60.47,Medium Risk,No,Improve consistency
STU1532,24,Female,CSE,19,643,46,5,0,1,1,36,Low,69.87,Medium Risk,No,Improve consistency
STU1533,19,Male,CSE,106,245,37,3,0,0,0,36,Low,47.67,Medium Risk,No,Improve consistency
STU1534,22,Female,EEE,230,436,9,8,0,1,1,154,Low,57.93,Medium Risk,No,Improve consistency
STU1535,19,Female,IT,282,125,26,4,0,1,0,84,Low,38.8,Low Risk,No,Maintain performance
STU1536,22,Female,ECE,117,172,11,9,0,0,0,196,Low,49.8,Medium Risk,No,Improve consistency
STU1537,23,Female,ECE,5,235,6,5,0,0,0,19,Low,75.73,High Risk,Yes,"Attend mentoring, increase activity"
STU1538,24,Male,CSE,270,239,16,8,0,0,1,130,Low,38.4,Low Risk,No,Maintain performance
STU1539,24,Female,CSE,212,191,0,6,0,0,0,298,Low,49.73,Medium Risk,No,Improve consistency
STU1540,18,Male,IT,114,258,49,4,1,0,1,174,Low,57.4,Medium Risk,No,Improve consistency
STU1541,21,Male,IT,204,327,25,1,1,1,0,273,Low,65.8,Medium Risk,No,Improve consistency
STU1542,22,Male,IT,16,219,14,3,1,0,1,170,Low,93.47,High Risk,Yes,"Attend mentoring, increase activity"
STU1543,18,Female,EEE,192,665,32,1,0,1,0,127,High,53.2,Medium Risk,No,Improve consistency
STU1544,19,Male,CSE,158,401,36,2,0,1,0,272,Low,53.33,Medium Risk,No,Improve consistency
STU1545,19,Male,EEE,283,105,46,9,1,0,0,93,High,16.67,Low Risk,No,Maintain performance
STU1546,18,Male,CSE,175,765,30,2,1,0,1,155,High,64.67,Medium Risk,No,Improve consistency
STU1547,24,Female,CSE,138,95,34,3,0,1,0,180,Low,55.2,Medium Risk,No,Improve consistency
STU1548,19,Female,ECE,29,424,0,5,0,0,1,23,Low,86.13,High Risk,Yes,"Attend mentoring, increase activity"
STU1549,23,Male,CSE,22,403,7,2,0,0,0,158,Low,78.87,High Risk,Yes,"Attend mentoring, increase activity"
STU1550,23,Female,CSE,194,705,11,9,0,0,1,260,High,49.53,Medium Risk,No,Improve consistency
STU1551,18,Female,EEE,145,642,18,0,0,0,0,66,Low,59.87,Medium Risk,No,Improve consistency
STU1552,22,Male,CSE,47,510,24,0,0,0,0,142,Low,69.33,Medium Risk,No,Improve consistency
STU1553,22,Male,EEE,288,613,31,8,1,1,0,179,High,37,Low Risk,No,Maintain performance
STU1554,18,Female,IT,150,591,11,8,0,0,1,111,Low,57.4,Medium Risk,No,Improve consistency
STU1555,22,Male,CSE,96,142,12,4,0,0,1,115,Low,72,High Risk,Yes,"Attend mentoring, increase activity"
STU1556,24,Female,CSE,183,658,27,8,0,1,0,180,High,43.4,Medium Risk,No,Improve consistency
STU1557,24,Female,EEE,60,323,0,6,1,0,1,137,Low,90,High Risk,Yes,"Attend mentoring, increase activity"
STU1558,22,Female,IT,159,708,5,8,0,0,0,259,Low,49.8,Medium Risk,No,Improve consistency
STU1559,23,Female,ECE,164,230,7,6,0,1,1,41,Low,71.93,High Risk,Yes,"Attend mentoring, increase activity"
STU1560,22,Female,IT,115,447,3,8,0,1,0,225,Low,66.87,Medium Risk,No,Improve consistency
STU1561,24,Female,EEE,141,55,4,1,0,0,0,271,Low,66.8,Medium Risk,No,Improve consistency
STU1562,20,Male,IT,236,799,24,7,0,1,0,253,High,40.13,Medium Risk,No,Improve consistency
STU1563,21,Male,EEE,224,201,21,6,0,1,0,294,Low,45.53,Medium Risk,No,Improve consistency
STU1564,19,Female,EEE,72,529,27,5,0,0,0,299,Low,54.2,Medium Risk,No,Improve consistency
STU1565,20,Female,ECE,253,388,38,4,0,0,1,272,High,35.47,Low Risk,No,Maintain performance
STU1566,22,Female,CSE,10,797,22,3,0,1,0,94,Low,79.47,High Risk,Yes,"Attend mentoring, increase activity"
STU1567,23,Male,EEE,284,700,3,6,0,0,1,54,High,48.33,Medium Risk,No,Improve consistency
STU1568,18,Female,EEE,98,343,3,2,0,0,1,209,Low,81.13,High Risk,Yes,"Attend mentoring, increase activity"
STU1569,22,Male,ECE,273,48,46,7,1,1,0,210,Low,32,Low Risk,No,Maintain performance
STU1570,23,Female,EEE,201,302,20,1,0,0,0,177,Low,49.2,Medium Risk,No,Improve consistency
STU1571,21,Female,CSE,29,699,36,0,0,0,0,249,Low,64.53,Medium Risk,No,Improve consistency
STU1572,22,Male,ECE,152,171,40,1,0,0,1,295,Low,53.73,Medium Risk,No,Improve consistency
STU1573,24,Male,CSE,122,340,1,8,0,0,1,199,Low,67.13,Medium Risk,No,Improve consistency
STU1574,18,Female,CSE,70,113,6,4,0,0,1,80,Low,79.07,High Risk,Yes,"Attend mentoring, increase activity"
STU1575,23,Female,ECE,179,170,48,7,0,0,0,154,Low,23.33,Low Risk,No,Maintain performance
STU1576,23,Female,EEE,80,644,15,2,0,0,1,218,Low,76.33,High Risk,Yes,"Attend mentoring, increase activity"
STU1577,23,Male,CSE,118,63,16,6,1,0,0,217,Low,62.67,Medium Risk,No,Improve consistency
STU1578,21,Male,CSE,115,43,19,1,1,1,0,231,Low,81.27,High Risk,Yes,"Attend mentoring, increase activity"
STU1579,22,Male,CSE,253,251,22,7,1,1,0,296,Low,49.07,Medium Risk,No,Improve consistency
STU1580,21,Male,CSE,207,122,33,6,0,0,1,172,Low,40.6,Medium Risk,No,Improve consistency
STU1581,19,Male,ECE,151,327,10,4,0,0,1,81,Low,65.87,Medium Risk,No,Improve consistency
STU1582,19,Male,ECE,39,32,33,3,0,1,0,249,Low,69,Medium Risk,No,Improve consistency
STU1583,22,Female,IT,30,567,32,0,0,1,1,136,Low,86.8,High Risk,Yes,"Attend mentoring, increase activity"
STU1584,24,Female,IT,242,656,25,4,0,0,1,94,High,44.73,Medium Risk,No,Improve consistency
STU1585,21,Male,CSE,18,127,1,8,0,0,0,24,Low,71,High Risk,Yes,"Attend mentoring, increase activity"
STU1586,18,Female,EEE,49,710,22,9,0,1,0,257,Low,62.27,Medium Risk,No,Improve consistency
STU1587,23,Female,CSE,220,652,40,3,0,0,0,292,High,30.67,Low Risk,No,Maintain performance
STU1588,23,Male,EEE,237,221,21,8,0,0,0,11,Low,29.8,Low Risk,No,Maintain performance
STU1589,22,Female,CSE,197,427,33,1,0,0,0,83,High,41.93,Medium Risk,No,Improve consistency
STU1590,24,Male,IT,55,122,14,3,0,1,0,73,Low,78.27,High Risk,Yes,"Attend mentoring, increase activity"
STU1591,19,Male,IT,218,53,9,8,1,0,1,270,Low,59.53,Medium Risk,No,Improve consistency
STU1592,19,Female,EEE,155,137,14,3,0,0,0,248,Low,54.93,Medium Risk,No,Improve consistency
STU1593,23,Male,CSE,279,167,41,4,0,0,0,288,High,20.2,Low Risk,No,Maintain performance
STU1594,22,Male,EEE,80,794,28,7,0,1,0,210,High,58.53,Medium Risk,No,Improve consistency
STU1595,21,Male,IT,224,403,22,0,0,0,0,295,Low,46.93,Medium Risk,No,Improve consistency
STU1596,19,Male,CSE,191,521,16,0,0,0,1,230,Low,64.93,Medium Risk,No,Improve consistency
STU1597,21,Male,CSE,293,54,8,8,1,0,0,171,Low,40.13,Medium Risk,No,Improve consistency
STU1598,24,Male,EEE,32,117,49,8,1,0,0,192,Low,50.33,Medium Risk,No,Improve consistency
STU1599,19,Male,ECE,184,228,35,3,0,0,1,274,Low,48.47,Medium Risk,No,Improve consistency
STU1600,19,Male,EEE,257,452,8,1,0,0,0,141,High,48.93,Medium Risk,No,Improve consistency
STU1601,20,Female,IT,130,324,15,8,0,0,1,129,Low,57.67,Medium Risk,No,Improve consistency
STU1602,19,Female,IT,181,186,35,3,0,0,0,228,Low,38.87,Low Risk,No,Maintain performance
STU1603,18,Female,IT,41,237,47,5,1,0,0,169,Low,56.33,Medium Risk,No,Improve consistency
STU1604,22,Male,IT,103,712,32,0,0,0,1,118,High,67.07,Medium Risk,No,Improve consistency
STU1605,22,Male,IT,102,681,30,8,1,0,0,247,Low,52.4,Medium Risk,No,Improve consistency
STU1606,21,Female,ECE,131,276,5,4,0,0,0,76,Low,61.53,Medium Risk,No,Improve consistency
STU1607,24,Female,CSE,172,388,9,2,0,0,0,196,Low,57.67,Medium Risk,No,Improve consistency
STU1608,19,Female,EEE,84,498,15,3,0,0,0,45,Low,63.8,Medium Risk,No,Improve consistency
STU1609,18,Male,EEE,298,711,3,0,0,0,1,58,High,58.47,Medium Risk,No,Improve consistency
STU1610,21,Female,IT,130,696,21,8,0,1,1,265,High,64.07,Medium Risk,No,Improve consistency
STU1611,20,Female,EEE,154,299,12,7,0,0,0,116,Low,48.27,Medium Risk,No,Improve consistency
STU1612,21,Male,IT,20,366,15,3,0,0,0,17,Low,72.33,High Risk,Yes,"Attend mentoring, increase activity"
STU1613,21,Female,ECE,32,666,28,1,0,0,1,245,Low,76.93,High Risk,Yes,"Attend mentoring, increase activity"
STU1614,19,Male,ECE,177,753,5,8,0,0,1,187,High,57.4,Medium Risk,No,Improve consistency
STU1615,20,Male,CSE,50,213,25,3,0,0,0,251,Low,62.33,Medium Risk,No,Improve consistency
STU1616,21,Male,ECE,240,222,10,8,0,0,1,50,Low,46,Medium Risk,No,Improve consistency
STU1617,18,Female,ECE,218,561,23,9,0,0,0,254,High,29.13,Low Risk,No,Maintain performance
STU1618,18,Female,CSE,89,796,28,2,0,0,0,122,High,57.33,Medium Risk,No,Improve consistency
STU1619,22,Male,EEE,286,332,2,6,0,0,1,265,Low,48.67,Medium Risk,No,Improve consistency
STU1620,20,Female,IT,236,603,9,6,1,0,0,175,High,51.13,Medium Risk,No,Improve consistency
STU1621,20,Female,IT,89,190,0,9,0,0,0,87,Low,60.13,Medium Risk,No,Improve consistency
STU1622,22,Female,EEE,69,508,42,3,0,0,0,216,Low,49.6,Medium Risk,No,Improve consistency
STU1623,21,Female,CSE,138,329,25,1,0,0,0,205,Low,54.6,Medium Risk,No,Improve consistency
STU1624,20,Male,EEE,155,92,11,8,1,0,0,73,Low,56.73,Medium Risk,No,Improve consistency
STU1625,18,Female,ECE,119,312,13,3,0,0,1,149,Low,70.33,High Risk,Yes,"Attend mentoring, increase activity"
STU1626,18,Male,CSE,68,271,24,7,0,0,0,51,Low,52.53,Medium Risk,No,Improve consistency
STU1627,19,Male,CSE,162,793,7,1,0,0,0,218,High,62.2,Medium Risk,No,Improve consistency
STU1628,20,Female,CSE,81,209,42,7,0,0,0,82,Low,40,Low Risk,No,Maintain performance
STU1629,21,Male,IT,150,249,3,9,0,0,0,162,Low,50.2,Medium Risk,No,Improve consistency
STU1630,22,Female,EEE,229,701,27,4,0,0,0,144,High,35.27,Low Risk,No,Maintain performance
STU1631,22,Female,CSE,107,692,6,6,1,0,0,273,Low,70.13,High Risk,Yes,"Attend mentoring, increase activity"
STU1632,21,Male,CSE,92,304,9,6,1,1,0,225,Low,80.33,High Risk,Yes,"Attend mentoring, increase activity"
STU1633,24,Male,CSE,172,521,35,8,0,1,1,218,High,50.07,Medium Risk,No,Improve consistency
STU1634,23,Male,EEE,174,698,1,2,0,0,0,213,Low,62.2,Medium Risk,No,Improve consistency
STU1635,19,Male,IT,139,405,25,9,0,1,1,119,Low,58.47,Medium Risk,No,Improve consistency
STU1636,22,Female,ECE,54,758,49,3,0,0,0,40,High,47.4,Medium Risk,No,Improve consistency
STU1637,20,Female,IT,138,147,13,9,0,0,1,21,Low,55.8,Medium Risk,No,Improve consistency
STU1638,19,Female,CSE,141,138,15,3,0,1,0,136,Low,66.2,Medium Risk,No,Improve consistency
STU1639,20,Male,IT,249,58,42,9,0,1,1,203,Low,33.6,Low Risk,No,Maintain performance
STU1640,24,Male,IT,113,685,41,4,0,1,0,149,High,52.33,Medium Risk,No,Improve consistency
STU1641,18,Male,ECE,291,798,16,5,0,0,1,36,High,41.6,Medium Risk,No,Improve consistency
STU1642,19,Female,EEE,25,302,45,2,0,0,0,55,Low,55.67,Medium Risk,No,Improve consistency
STU1643,22,Male,EEE,94,637,21,3,0,0,1,144,Low,68.87,Medium Risk,No,Improve consistency
STU1644,19,Female,IT,116,545,3,2,0,0,1,67,Low,78.73,High Risk,Yes,"Attend mentoring, increase activity"
STU1645,19,Male,IT,81,320,18,1,0,0,1,22,Low,76.4,High Risk,Yes,"Attend mentoring, increase activity"
STU1646,19,Female,EEE,181,546,1,9,1,1,0,109,Low,67.27,Medium Risk,No,Improve consistency
STU1647,23,Female,EEE,152,648,38,8,1,0,0,58,High,40.93,Medium Risk,No,Improve consistency
STU1648,19,Male,ECE,105,243,8,0,0,0,1,103,Low,81.2,High Risk,Yes,"Attend mentoring, increase activity"
STU1649,20,Male,CSE,250,218,18,1,0,0,0,104,Low,43.87,Medium Risk,No,Improve consistency
STU1650,18,Female,IT,121,614,15,7,0,0,0,154,Low,50.87,Medium Risk,No,Improve consistency
STU1651,24,Female,EEE,96,103,24,6,0,0,0,81,Low,50.8,Medium Risk,No,Improve consistency
STU1652,21,Male,IT,32,336,47,0,0,1,0,19,Low,67.53,Medium Risk,No,Improve consistency
STU1653,19,Male,IT,29,234,17,4,0,0,0,171,Low,67.93,Medium Risk,No,Improve consistency
STU1654,22,Female,EEE,62,20,22,9,0,0,0,223,Low,50.53,Medium Risk,No,Improve consistency
STU1655,19,Male,ECE,138,338,20,5,0,1,0,13,Low,59.6,Medium Risk,No,Improve consistency
STU1656,22,Female,IT,253,21,10,4,1,1,0,233,Low,62.27,Medium Risk,No,Improve consistency
STU1657,20,Female,ECE,42,44,38,3,0,1,0,38,Low,65.6,Medium Risk,No,Improve consistency
STU1658,22,Male,EEE,79,456,40,0,0,1,1,212,Low,75.47,High Risk,Yes,"Attend mentoring, increase activity"
STU1659,21,Male,CSE,146,461,3,6,0,0,0,86,Low,56.73,Medium Risk,No,Improve consistency
STU1660,18,Male,CSE,172,749,24,8,0,1,0,68,High,46.67,Medium Risk,No,Improve consistency
STU1661,22,Male,IT,263,229,31,5,0,0,0,205,Low,26.33,Low Risk,No,Maintain performance
STU1662,22,Male,EEE,229,450,29,2,0,1,1,116,High,58.07,Medium Risk,No,Improve consistency
STU1663,18,Female,ECE,156,662,44,9,0,0,0,18,High,24.8,Low Risk,No,Maintain performance
STU1664,21,Female,IT,23,544,25,3,1,0,0,29,Low,75.93,High Risk,Yes,"Attend mentoring, increase activity"
STU1665,19,Male,EEE,150,604,35,9,0,0,0,158,High,31,Low Risk,No,Maintain performance
STU1666,22,Male,EEE,245,238,33,4,1,0,0,26,Low,39.53,Low Risk,No,Maintain performance
STU1667,18,Male,ECE,241,353,8,0,0,0,0,21,Low,53.07,Medium Risk,No,Improve consistency
STU1668,20,Female,IT,39,89,11,4,0,0,1,91,Low,80.2,High Risk,Yes,"Attend mentoring, increase activity"
STU1669,18,Male,EEE,194,362,1,0,0,1,0,76,Low,73.53,High Risk,Yes,"Attend mentoring, increase activity"
STU1670,20,Male,EEE,5,405,37,8,0,0,0,142,Low,51.13,Medium Risk,No,Improve consistency
STU1671,21,Female,EEE,157,299,4,6,1,0,0,62,Low,64.67,Medium Risk,No,Improve consistency
STU1672,19,Female,ECE,130,464,4,2,0,1,1,215,Low,86.27,High Risk,Yes,"Attend mentoring, increase activity"
STU1673,18,Male,IT,230,680,21,8,0,0,0,242,High,30.73,Low Risk,No,Maintain performance
STU1674,24,Male,IT,225,137,4,1,0,0,0,63,Low,55.6,Medium Risk,No,Improve consistency
STU1675,24,Male,IT,215,711,3,6,0,0,0,77,High,47.53,Medium Risk,No,Improve consistency
STU1676,23,Female,IT,29,552,8,8,0,0,0,178,Low,65.33,Medium Risk,No,Improve consistency
STU1677,22,Male,CSE,20,368,28,5,0,1,1,170,Low,80.53,High Risk,Yes,"Attend mentoring, increase activity"
STU1678,21,Male,CSE,186,536,21,9,1,1,0,24,Low,54.6,Medium Risk,No,Improve consistency
STU1679,18,Male,IT,133,322,26,4,0,0,0,200,Low,48.67,Medium Risk,No,Improve consistency
STU1680,24,Female,ECE,46,84,9,6,0,0,0,24,Low,66.47,Medium Risk,No,Improve consistency
STU1681,22,Female,CSE,240,555,15,5,0,0,0,296,High,39,Low Risk,No,Maintain performance
STU1682,24,Male,EEE,38,205,41,4,0,0,0,19,Low,52.33,Medium Risk,No,Improve consistency
STU1683,18,Male,CSE,49,38,41,1,0,0,1,66,Low,66.87,Medium Risk,No,Improve consistency
STU1684,20,Female,EEE,138,715,9,7,1,0,0,208,Low,62.2,Medium Risk,No,Improve consistency
STU1685,18,Female,IT,25,25,5,6,0,0,0,170,Low,71.67,High Risk,Yes,"Attend mentoring, increase activity"
STU1686,23,Female,CSE,126,432,48,5,0,0,0,272,Low,34.4,Low Risk,No,Maintain performance
STU1687,18,Female,ECE,74,598,4,4,0,0,1,262,Low,79.73,High Risk,Yes,"Attend mentoring, increase activity"
STU1688,18,Female,CSE,52,602,5,4,1,0,0,128,Low,82.07,High Risk,Yes,"Attend mentoring, increase activity"
STU1689,23,Female,CSE,43,414,46,8,1,1,1,89,Low,70.67,High Risk,Yes,"Attend mentoring, increase activity"
STU1690,21,Female,CSE,291,645,24,0,0,0,0,133,High,36.8,Low Risk,No,Maintain performance
STU1691,18,Female,IT,14,540,49,8,0,1,0,81,Low,52.73,Medium Risk,No,Improve consistency
STU1692,23,Female,ECE,34,623,3,5,0,1,0,177,Low,83.67,High Risk,Yes,"Attend mentoring, increase activity"
STU1693,22,Male,CSE,248,86,39,3,1,0,0,293,Low,37.53,Low Risk,No,Maintain performance
STU1694,20,Male,ECE,278,238,47,9,0,0,0,45,High,6.73,Low Risk,No,Maintain performance
STU1695,20,Male,IT,92,306,31,6,0,0,0,184,Low,47.13,Medium Risk,No,Improve consistency
STU1696,18,Female,EEE,248,519,34,8,0,0,0,208,High,20.53,Low Risk,No,Maintain performance
STU1697,21,Male,CSE,19,724,9,4,0,0,0,125,Low,74.07,High Risk,Yes,"Attend mentoring, increase activity"
STU1698,21,Female,ECE,8,582,33,4,0,1,0,229,Low,71.13,High Risk,Yes,"Attend mentoring, increase activity"
STU1699,22,Female,ECE,195,547,35,7,1,1,0,75,High,49,Medium Risk,No,Improve consistency
STU1700,18,Male,IT,172,592,5,6,0,0,1,274,Low,62.07,Medium Risk,No,Improve consistency
STU1701,20,Female,CSE,13,624,42,7,0,1,0,143,Low,59.07,Medium Risk,No,Improve consistency
STU1702,21,Male,EEE,113,335,45,9,0,0,1,128,Low,39.93,Low Risk,No,Maintain performance
STU1703,18,Male,ECE,141,372,15,1,1,1,0,131,Low,80.2,High Risk,Yes,"Attend mentoring, increase activity"
STU1704,24,Male,CSE,158,678,18,8,1,0,0,96,High,52.13,Medium Risk,No,Improve consistency
STU1705,21,Female,EEE,213,368,33,2,0,0,1,298,Low,47.8,Medium Risk,No,Improve consistency
STU1706,23,Male,ECE,276,715,24,5,1,0,0,146,High,38.8,Low Risk,No,Maintain performance
STU1707,24,Female,ECE,147,796,30,5,0,1,0,62,High,52.4,Medium Risk,No,Improve consistency
STU1708,21,Male,EEE,103,333,48,1,0,0,0,214,Low,45.47,Medium Risk,No,Improve consistency
STU1709,20,Male,EEE,73,707,40,6,0,0,0,60,High,44.27,Medium Risk,No,Improve consistency
STU1710,19,Male,IT,251,335,16,8,1,1,1,49,Low,60.93,Medium Risk,No,Improve consistency
STU1711,24,Female,CSE,265,634,46,9,1,1,1,259,High,39.07,Low Risk,No,Maintain performance
STU1712,22,Female,CSE,280,174,29,0,0,0,0,227,Low,35.27,Low Risk,No,Maintain performance
STU1713,22,Female,IT,83,582,38,7,0,0,0,188,Low,42.13,Medium Risk,No,Improve consistency
STU1714,20,Male,ECE,150,613,30,1,0,0,1,48,High,60,Medium Risk,No,Improve consistency
STU1715,21,Male,EEE,115,464,18,0,1,0,0,192,Low,73.87,High Risk,Yes,"Attend mentoring, increase activity"
STU1716,18,Female,EEE,262,162,34,7,0,0,0,233,Low,20.67,Low Risk,No,Maintain performance
STU1717,21,Female,EEE,97,746,28,1,0,0,0,173,High,58.27,Medium Risk,No,Improve consistency
STU1718,20,Female,ECE,17,136,0,5,0,0,0,243,Low,77.73,High Risk,Yes,"Attend mentoring, increase activity"
STU1719,22,Female,EEE,264,202,3,5,0,0,1,202,Low,53,Medium Risk,No,Improve consistency
STU1720,21,Female,EEE,113,636,27,4,0,0,0,94,Low,50.73,Medium Risk,No,Improve consistency
STU1721,22,Female,IT,193,783,17,7,0,0,0,252,High,40.07,Medium Risk,No,Improve consistency
STU1722,24,Male,ECE,99,539,25,2,0,0,0,182,Low,57.8,Medium Risk,No,Improve consistency
STU1723,18,Female,CSE,109,19,39,9,1,0,1,46,Low,54.07,Medium Risk,No,Improve consistency
STU1724,24,Male,IT,12,101,18,3,0,0,0,96,Low,71.6,High Risk,Yes,"Attend mentoring, increase activity"
STU1725,22,Male,IT,71,148,5,6,1,0,1,138,Low,85.53,High Risk,Yes,"Attend mentoring, increase activity"
STU1726,22,Female,CSE,195,490,0,6,0,1,1,203,Low,72,High Risk,Yes,"Attend mentoring, increase activity"
STU1727,19,Female,IT,260,458,7,7,0,0,0,52,High,37.13,Low Risk,No,Maintain performance
STU1728,19,Male,ECE,13,342,32,1,0,0,0,168,Low,67.07,Medium Risk,No,Improve consistency
STU1729,24,Female,EEE,121,349,42,1,0,0,0,114,Low,46.67,Medium Risk,No,Improve consistency
STU1730,23,Female,ECE,271,61,20,3,0,0,1,238,Low,45.87,Medium Risk,No,Improve consistency
STU1731,24,Male,CSE,103,716,23,9,0,0,1,226,Low,54.47,Medium Risk,No,Improve consistency
STU1732,19,Male,CSE,168,475,24,8,0,1,0,273,Low,47.2,Medium Risk,No,Improve consistency
STU1733,22,Male,IT,145,727,46,9,0,0,0,58,High,25.07,Low Risk,No,Maintain performance
STU1734,20,Female,ECE,272,484,42,8,0,0,0,132,High,12.53,Low Risk,No,Maintain performance
STU1735,24,Male,ECE,41,410,18,3,0,0,1,34,Low,77.73,High Risk,Yes,"Attend mentoring, increase activity"
STU1736,22,Female,CSE,78,448,28,8,0,1,0,140,Low,56.8,Medium Risk,No,Improve consistency
STU1737,20,Male,ECE,77,614,9,2,0,0,0,233,Low,70.33,High Risk,Yes,"Attend mentoring, increase activity"
STU1738,20,Male,CSE,203,666,11,4,0,0,0,108,High,48.33,Medium Risk,No,Improve consistency
STU1739,19,Male,ECE,134,607,32,9,1,0,0,299,High,44.93,Medium Risk,No,Improve consistency
STU1740,24,Female,ECE,250,518,6,8,0,1,0,206,High,47.07,Medium Risk,No,Improve consistency
STU1741,21,Female,ECE,64,162,16,5,0,0,0,118,Low,61.87,Medium Risk,No,Improve consistency
STU1742,18,Male,CSE,283,523,9,2,0,0,0,229,High,42.87,Medium Risk,No,Improve consistency
STU1743,19,Male,IT,107,512,30,9,0,1,0,273,Low,49.73,Medium Risk,No,Improve consistency
STU1744,19,Male,ECE,155,781,5,8,0,1,1,217,High,70.33,High Risk,Yes,"Attend mentoring, increase activity"
STU1745,21,Female,CSE,161,685,16,5,1,0,0,91,High,58.93,Medium Risk,No,Improve consistency
STU1746,18,Male,CSE,210,15,49,3,0,1,0,34,Low,36.6,Low Risk,No,Maintain performance
STU1747,22,Female,ECE,183,509,36,3,0,0,0,195,High,38,Low Risk,No,Maintain performance
STU1748,23,Male,ECE,201,670,17,7,0,0,0,17,High,39,Low Risk,No,Maintain performance
STU1749,24,Male,IT,227,726,25,6,0,0,0,133,High,32.73,Low Risk,No,Maintain performance
STU1750,23,Male,CSE,93,127,48,0,0,0,1,158,Low,58.8,Medium Risk,No,Improve consistency
STU1751,22,Male,CSE,291,494,15,5,0,0,0,107,High,32.2,Low Risk,No,Maintain performance
STU1752,19,Male,EEE,280,610,7,7,0,0,0,225,High,34.47,Low Risk,No,Maintain performance
STU1753,18,Male,CSE,240,675,23,2,0,1,0,110,High,50.2,Medium Risk,No,Improve consistency
STU1754,19,Female,IT,187,688,12,8,0,1,0,227,High,51.87,Medium Risk,No,Improve consistency
STU1755,20,Male,EEE,213,477,28,9,0,0,0,268,High,26.8,Low Risk,No,Maintain performance
STU1756,19,Female,EEE,134,170,31,1,0,0,1,20,Low,61.53,Medium Risk,No,Improve consistency
STU1757,19,Male,EEE,157,279,23,5,0,0,0,68,Low,45.27,Medium Risk,No,Improve consistency
STU1758,22,Male,ECE,17,65,15,0,0,0,0,259,Low,78.73,High Risk,Yes,"Attend mentoring, increase activity"
STU1759,22,Female,ECE,126,237,10,1,0,0,1,149,Low,75.2,High Risk,Yes,"Attend mentoring, increase activity"
STU1760,22,Male,CSE,224,158,31,4,0,0,0,47,Low,33.53,Low Risk,No,Maintain performance
STU1761,23,Female,EEE,110,55,5,0,0,0,0,131,Low,72.33,High Risk,Yes,"Attend mentoring, increase activity"
STU1762,20,Female,IT,74,153,34,7,1,0,0,74,Low,55.73,Medium Risk,No,Improve consistency
STU1763,22,Male,ECE,199,759,32,0,0,1,0,155,High,54.27,Medium Risk,No,Improve consistency
STU1764,18,Female,IT,190,793,17,8,0,1,0,134,High,48.47,Medium Risk,No,Improve consistency
STU1765,23,Female,IT,103,641,36,9,0,0,1,200,High,46.67,Medium Risk,No,Improve consistency
STU1766,21,Male,ECE,86,349,12,2,0,0,1,272,Low,77.33,High Risk,Yes,"Attend mentoring, increase activity"
STU1767,18,Female,ECE,79,422,9,1,1,0,1,191,Low,92.07,High Risk,Yes,"Attend mentoring, increase activity"
STU1768,24,Male,ECE,196,741,36,0,0,0,0,168,High,42.27,Medium Risk,No,Improve consistency
STU1769,24,Male,ECE,218,529,25,8,0,0,1,296,High,39.93,Low Risk,No,Maintain performance
STU1770,18,Male,EEE,148,353,45,3,0,0,0,171,Low,37.27,Low Risk,No,Maintain performance
STU1771,22,Male,EEE,220,396,16,0,0,0,0,272,Low,51.07,Medium Risk,No,Improve consistency
STU1772,21,Female,EEE,19,482,0,0,0,0,0,226,Low,87.47,High Risk,Yes,"Attend mentoring, increase activity"
STU1773,21,Male,EEE,221,284,24,6,0,0,0,190,Low,34.13,Low Risk,No,Maintain performance
STU1774,23,Male,CSE,39,362,33,1,0,0,1,100,Low,73,High Risk,Yes,"Attend mentoring, increase activity"
STU1775,21,Female,EEE,187,75,38,6,0,0,0,26,Low,30.27,Low Risk,No,Maintain performance
STU1776,24,Male,ECE,274,88,9,6,0,1,1,134,Low,56.07,Medium Risk,No,Improve consistency
STU1777,20,Male,IT,104,607,19,9,1,1,0,269,Low,66.73,Medium Risk,No,Improve consistency
STU1778,22,Female,EEE,11,645,6,8,0,0,0,223,Low,68.93,Medium Risk,No,Improve consistency
STU1779,21,Female,CSE,34,211,15,6,0,0,0,248,Low,64.47,Medium Risk,No,Improve consistency
STU1780,23,Female,ECE,148,671,36,0,0,1,0,189,High,58.67,Medium Risk,No,Improve consistency
STU1781,24,Female,IT,115,567,28,7,0,0,1,181,Low,53.87,Medium Risk,No,Improve consistency
STU1782,20,Female,IT,236,122,11,7,0,1,0,152,Low,47.93,Medium Risk,No,Improve consistency
STU1783,19,Female,EEE,183,100,16,3,0,0,1,253,Low,60,Medium Risk,No,Improve consistency
STU1784,19,Female,IT,76,150,47,7,0,1,0,241,Low,47.67,Medium Risk,No,Improve consistency
STU1785,20,Male,EEE,214,298,19,3,0,1,0,181,Low,54.07,Medium Risk,No,Improve consistency
STU1786,24,Female,EEE,224,739,25,7,0,0,0,286,High,31.13,Low Risk,No,Maintain performance
STU1787,23,Female,ECE,84,598,47,4,1,0,1,86,Low,62.6,Medium Risk,No,Improve consistency
STU1788,20,Female,ECE,87,420,18,3,0,0,0,58,Low,61.6,Medium Risk,No,Improve consistency
STU1789,22,Male,CSE,46,386,46,5,0,0,0,257,Low,46.27,Medium Risk,No,Improve consistency
STU1790,22,Male,ECE,277,393,11,1,1,0,0,292,High,54.47,Medium Risk,No,Improve consistency
STU1791,19,Female,ECE,195,161,20,1,0,0,0,296,Low,50,Medium Risk,No,Improve consistency
STU1792,21,Female,EEE,177,760,41,1,0,0,0,41,High,39.8,Low Risk,No,Maintain performance
STU1793,23,Female,ECE,11,636,33,8,0,0,0,167,Low,52.73,Medium Risk,No,Improve consistency
STU1794,19,Male,EEE,159,328,6,9,0,1,0,27,Low,57.2,Medium Risk,No,Improve consistency
STU1795,21,Male,EEE,14,378,44,2,0,0,0,72,Low,57.73,Medium Risk,No,Improve consistency
STU1796,21,Female,ECE,38,615,34,9,0,0,0,137,Low,46.53,Medium Risk,No,Improve consistency
STU1797,22,Male,CSE,40,569,14,3,0,0,0,25,Low,70.27,High Risk,Yes,"Attend mentoring, increase activity"
STU1798,24,Female,CSE,10,712,0,9,0,0,0,172,Low,70.67,High Risk,Yes,"Attend mentoring, increase activity"
STU1799,18,Male,IT,219,471,25,7,1,0,0,260,High,41.8,Medium Risk,No,Improve consistency
STU1800,24,Male,IT,138,21,34,3,0,1,0,146,Low,55.2,Medium Risk,No,Improve consistency
STU1801,18,Female,ECE,289,165,24,9,1,0,0,188,Low,29.07,Low Risk,No,Maintain performance
STU1802,20,Female,CSE,130,693,41,9,1,0,0,238,High,40.07,Medium Risk,No,Improve consistency
STU1803,22,Female,EEE,178,486,14,6,0,0,0,189,Low,45.87,Medium Risk,No,Improve consistency
STU1804,21,Female,IT,156,410,21,4,1,0,0,81,Low,58.6,Medium Risk,No,Improve consistency
STU1805,23,Male,EEE,30,186,5,8,0,1,0,92,Low,77,High Risk,Yes,"Attend mentoring, increase activity"
STU1806,18,Male,IT,119,350,14,3,1,0,0,145,Low,69.73,Medium Risk,No,Improve consistency
STU1807,24,Male,ECE,288,66,23,2,0,0,1,227,Low,43.8,Medium Risk,No,Improve consistency
STU1808,21,Female,CSE,79,457,20,1,0,0,0,118,Low,65.47,Medium Risk,No,Improve consistency
STU1809,18,Male,IT,170,212,6,0,0,1,0,128,Low,73.73,High Risk,Yes,"Attend mentoring, increase activity"
STU1810,18,Female,CSE,193,706,28,5,0,0,0,27,High,37.47,Low Risk,No,Maintain performance
STU1811,18,Male,EEE,82,642,31,9,1,1,0,163,Low,62.47,Medium Risk,No,Improve consistency
STU1812,23,Female,ECE,94,747,31,1,1,0,0,20,High,66.87,Medium Risk,No,Improve consistency
STU1813,22,Female,CSE,180,211,4,7,0,0,1,147,Low,59.6,Medium Risk,No,Improve consistency
STU1814,23,Male,ECE,25,339,3,5,1,0,0,71,Low,84.87,High Risk,Yes,"Attend mentoring, increase activity"
STU1815,19,Female,CSE,58,372,21,4,0,0,1,80,Low,71.67,High Risk,Yes,"Attend mentoring, increase activity"
STU1816,21,Female,EEE,188,463,17,1,0,0,0,70,Low,52.73,Medium Risk,No,Improve consistency
STU1817,22,Male,EEE,226,365,34,6,0,0,1,141,High,37.47,Low Risk,No,Maintain performance
STU1818,22,Female,ECE,183,225,16,1,0,0,1,70,Low,64,Medium Risk,No,Improve consistency
STU1819,22,Female,EEE,280,564,49,4,0,1,0,278,High,25.27,Low Risk,No,Maintain performance
STU1820,24,Female,IT,116,32,49,1,0,0,0,21,Low,43.13,Medium Risk,No,Improve consistency
STU1821,22,Male,CSE,228,164,23,9,0,0,0,44,Low,27.8,Low Risk,No,Maintain performance
STU1822,23,Male,EEE,218,195,1,1,0,0,1,60,Low,68.33,Medium Risk,No,Improve consistency
STU1823,22,Female,IT,63,258,12,6,0,0,0,52,Low,62.4,Medium Risk,No,Improve consistency
STU1824,20,Male,ECE,113,758,14,8,0,0,0,237,Low,50.53,Medium Risk,No,Improve consistency
STU1825,21,Female,IT,161,143,4,4,0,0,0,120,Low,58.13,Medium Risk,No,Improve consistency
STU1826,22,Female,ECE,195,330,2,6,1,0,0,24,Low,60.8,Medium Risk,No,Improve consistency
STU1827,21,Female,ECE,204,399,36,3,1,0,1,186,High,55.2,Medium Risk,No,Improve consistency
STU1828,20,Female,CSE,200,443,36,1,0,0,0,171,High,39.73,Low Risk,No,Maintain performance
STU1829,20,Female,CSE,39,31,36,2,0,1,0,48,Low,69.2,Medium Risk,No,Improve consistency
STU1830,21,Male,IT,250,609,2,1,1,0,0,35,High,63.47,Medium Risk,No,Improve consistency
STU1831,18,Female,CSE,241,674,34,4,0,0,0,121,High,29.47,Low Risk,No,Maintain performance
STU1832,19,Male,CSE,108,134,22,5,0,1,1,60,Low,72.4,High Risk,Yes,"Attend mentoring, increase activity"
STU1833,24,Male,CSE,11,88,27,6,0,0,1,107,Low,70.33,High Risk,Yes,"Attend mentoring, increase activity"
STU1834,18,Female,IT,287,60,29,2,0,0,0,179,Low,30.33,Low Risk,No,Maintain performance
STU1835,18,Female,EEE,5,737,17,3,0,0,0,65,Low,73.13,High Risk,Yes,"Attend mentoring, increase activity"
STU1836,23,Male,CSE,223,185,35,7,0,1,1,230,Low,45.27,Medium Risk,No,Improve consistency
STU1837,24,Male,CSE,234,262,32,3,0,1,0,155,Low,43.6,Medium Risk,No,Improve consistency
STU1838,24,Male,IT,176,255,25,6,0,0,0,269,Low,39.53,Low Risk,No,Maintain performance
STU1839,18,Female,EEE,91,748,47,5,1,0,0,138,High,49.67,Medium Risk,No,Improve consistency
STU1840,22,Male,CSE,45,115,39,6,0,0,0,59,Low,48.6,Medium Risk,No,Improve consistency
STU1841,23,Female,ECE,127,202,16,0,0,0,0,29,Low,63.47,Medium Risk,No,Improve consistency
STU1842,23,Female,IT,182,325,39,2,0,0,1,183,Low,48.33,Medium Risk,No,Improve consistency
STU1843,20,Female,CSE,67,311,6,5,0,1,0,292,Low,77.47,High Risk,Yes,"Attend mentoring, increase activity"
STU1844,24,Male,CSE,169,557,7,2,1,0,0,35,Low,69.27,Medium Risk,No,Improve consistency
STU1845,18,Female,ECE,191,725,30,6,0,0,0,169,High,34.53,Low Risk,No,Maintain performance
STU1846,20,Female,ECE,213,788,11,8,1,1,1,19,High,69,Medium Risk,No,Improve consistency
STU1847,21,Female,IT,231,277,47,2,0,0,0,91,High,27,Low Risk,No,Maintain performance
STU1848,19,Female,IT,52,179,30,0,0,0,0,265,Low,65.07,Medium Risk,No,Improve consistency
STU1849,23,Female,ECE,228,560,43,9,0,0,0,114,High,15.8,Low Risk,No,Maintain performance
STU1850,21,Male,IT,7,464,18,5,0,0,1,149,Low,78.27,High Risk,Yes,"Attend mentoring, increase activity"
STU1851,21,Female,ECE,179,660,9,0,1,0,0,211,High,70.73,High Risk,Yes,"Attend mentoring, increase activity"
STU1852,22,Female,CSE,103,301,38,0,0,0,0,33,Low,53.47,Medium Risk,No,Improve consistency
STU1853,19,Male,ECE,120,573,11,7,0,0,0,55,Low,53.4,Medium Risk,No,Improve consistency
STU1854,21,Female,ECE,274,150,19,8,1,1,0,226,Low,46.07,Medium Risk,No,Improve consistency
STU1855,21,Male,EEE,257,155,36,1,0,0,1,64,Low,42.13,Medium Risk,No,Improve consistency
STU1856,19,Female,ECE,99,434,47,8,1,0,0,87,Low,42.6,Medium Risk,No,Improve consistency
STU1857,19,Male,ECE,277,323,40,4,0,0,0,168,High,21.07,Low Risk,No,Maintain performance
STU1858,21,Male,EEE,28,193,6,7,0,0,0,281,Low,68.67,Medium Risk,No,Improve consistency
STU1859,19,Female,IT,120,673,13,6,0,0,0,157,Low,54.2,Medium Risk,No,Improve consistency
STU1860,21,Female,EEE,155,722,10,6,0,1,0,47,High,61.33,Medium Risk,No,Improve consistency
STU1861,21,Female,CSE,54,137,6,3,0,1,1,120,Low,93.2,High Risk,Yes,"Attend mentoring, increase activity"
STU1862,22,Male,EEE,210,296,28,1,0,0,0,24,Low,43.2,Medium Risk,No,Improve consistency
STU1863,18,Male,CSE,83,262,9,4,0,1,0,87,Low,75.53,High Risk,Yes,"Attend mentoring, increase activity"
STU1864,21,Male,IT,74,787,28,2,0,0,1,85,High,69.33,Medium Risk,No,Improve consistency
STU1865,20,Female,EEE,31,709,8,8,0,0,0,284,Low,65.07,Medium Risk,No,Improve consistency
STU1866,23,Male,EEE,275,395,35,5,1,0,0,206,High,32.33,Low Risk,No,Maintain performance
STU1867,24,Male,IT,54,239,47,0,0,1,0,228,Low,64.6,Medium Risk,No,Improve consistency
STU1868,18,Female,CSE,296,280,9,2,0,0,1,72,Low,51.13,Medium Risk,No,Improve consistency
STU1869,18,Male,EEE,251,780,18,3,0,0,0,41,High,39.73,Low Risk,No,Maintain performance
STU1870,18,Male,CSE,268,424,30,8,0,1,0,242,High,30.27,Low Risk,No,Maintain performance
STU1871,22,Female,EEE,83,207,16,5,1,0,0,119,Low,69.33,Medium Risk,No,Improve consistency
STU1872,21,Male,ECE,194,332,8,3,0,0,0,174,Low,53.33,Medium Risk,No,Improve consistency
STU1873,22,Female,EEE,51,65,44,0,1,0,0,203,Low,66.8,Medium Risk,No,Improve consistency
STU1874,21,Female,IT,193,212,32,7,0,0,0,16,Low,31.07,Low Risk,No,Maintain performance
STU1875,22,Female,IT,260,792,33,1,0,0,0,148,High,33.53,Low Risk,No,Maintain performance
STU1876,22,Female,CSE,226,630,44,7,0,0,0,296,High,19.47,Low Risk,No,Maintain performance
STU1877,23,Female,EEE,245,637,23,5,1,1,1,65,High,63.53,Medium Risk,No,Improve consistency
STU1878,20,Male,CSE,273,613,8,7,1,0,0,169,High,44.8,Medium Risk,No,Improve consistency
STU1879,22,Male,CSE,5,147,6,5,0,0,0,158,Low,75.73,High Risk,Yes,"Attend mentoring, increase activity"
STU1880,23,Female,ECE,38,431,15,4,1,0,0,296,Low,77.93,High Risk,Yes,"Attend mentoring, increase activity"
STU1881,19,Female,ECE,83,66,18,4,0,1,0,266,Low,70.13,High Risk,Yes,"Attend mentoring, increase activity"
STU1882,20,Male,IT,240,571,38,9,1,1,0,148,High,37.2,Low Risk,No,Maintain performance
STU1883,22,Female,CSE,102,80,5,9,0,0,0,196,Low,55.4,Medium Risk,No,Improve consistency
STU1884,24,Female,IT,86,603,49,7,0,0,0,193,High,35.13,Low Risk,No,Maintain performance
STU1885,18,Female,EEE,196,381,10,6,0,1,0,271,Low,55.87,Medium Risk,No,Improve consistency
STU1886,19,Male,CSE,257,626,11,7,1,1,0,154,High,55.13,Medium Risk,No,Improve consistency
STU1887,19,Male,CSE,42,609,41,7,1,0,0,270,Low,55.8,Medium Risk,No,Improve consistency
STU1888,23,Female,EEE,18,523,12,6,1,0,0,11,Low,78.4,High Risk,Yes,"Attend mentoring, increase activity"
STU1889,19,Female,EEE,213,93,11,1,1,0,0,21,Low,63,Medium Risk,No,Improve consistency
STU1890,20,Male,IT,93,52,20,8,0,0,0,270,Low,49.6,Medium Risk,No,Improve consistency
STU1891,22,Male,IT,60,675,9,6,1,1,1,178,Low,94.6,High Risk,Yes,"Attend mentoring, increase activity"
STU1892,22,Female,EEE,98,615,19,5,1,0,1,157,Low,75.53,High Risk,Yes,"Attend mentoring, increase activity"
STU1893,24,Female,IT,97,142,49,8,0,0,0,209,Low,31.67,Low Risk,No,Maintain performance
STU1894,18,Male,EEE,89,404,35,0,0,0,0,79,Low,57.13,Medium Risk,No,Improve consistency
STU1895,23,Male,CSE,249,74,27,1,0,0,0,63,Low,38.6,Low Risk,No,Maintain performance
STU1896,18,Male,CSE,26,299,23,0,1,0,0,268,Low,82.73,High Risk,Yes,"Attend mentoring, increase activity"
STU1897,19,Female,ECE,295,385,4,9,1,0,1,37,High,50.27,Medium Risk,No,Improve consistency
STU1898,24,Male,CSE,276,778,36,2,1,0,0,129,High,37.6,Low Risk,No,Maintain performance
STU1899,18,Female,EEE,126,476,11,4,1,0,0,142,Low,68.6,Medium Risk,No,Improve consistency
STU1900,20,Male,IT,132,222,34,0,1,0,1,99,Low,72,High Risk,Yes,"Attend mentoring, increase activity"
STU1901,22,Male,ECE,117,157,39,3,0,1,0,25,Low,55,Medium Risk,No,Improve consistency
STU1902,19,Male,IT,277,582,1,7,0,1,0,296,High,48.47,Medium Risk,No,Improve consistency
STU1903,24,Male,EEE,134,480,49,5,0,0,0,293,High,32.73,Low Risk,No,Maintain performance
STU1904,18,Female,CSE,136,158,40,0,0,1,0,239,Low,57.87,Medium Risk,No,Improve consistency
STU1905,23,Female,ECE,89,97,44,0,0,0,0,146,Low,51.73,Medium Risk,No,Improve consistency
STU1906,20,Male,EEE,85,333,38,2,1,0,1,236,Low,71.87,High Risk,Yes,"Attend mentoring, increase activity"
STU1907,20,Female,ECE,73,405,41,9,0,1,0,36,Low,47.67,Medium Risk,No,Improve consistency
STU1908,18,Male,ECE,152,799,8,7,0,0,0,126,High,50.93,Medium Risk,No,Improve consistency
STU1909,22,Male,CSE,20,413,21,7,0,0,1,98,Low,70.73,High Risk,Yes,"Attend mentoring, increase activity"
STU1910,18,Male,EEE,109,91,46,2,0,1,0,116,Low,53.87,Medium Risk,No,Improve consistency
STU1911,19,Male,IT,169,650,4,6,0,1,0,230,Low,63.07,Medium Risk,No,Improve consistency
STU1912,18,Female,ECE,205,295,11,2,0,0,0,232,Low,52.07,Medium Risk,No,Improve consistency
STU1913,20,Male,ECE,201,391,0,3,0,1,0,131,Low,67.2,Medium Risk,No,Improve consistency
STU1914,24,Male,IT,189,279,43,8,0,0,0,42,Low,23,Low Risk,No,Maintain performance
STU1915,18,Female,EEE,269,301,21,3,0,0,1,100,Low,45.53,Medium Risk,No,Improve consistency
STU1916,22,Male,ECE,104,462,37,2,0,0,0,193,Low,49.93,Medium Risk,No,Improve consistency
STU1917,24,Male,ECE,218,724,18,4,0,0,0,267,High,42.13,Medium Risk,No,Improve consistency
STU1918,23,Male,ECE,282,33,15,6,0,0,0,22,Low,31.4,Low Risk,No,Maintain performance
STU1919,21,Female,EEE,166,320,30,4,0,0,1,33,Low,51.87,Medium Risk,No,Improve consistency
STU1920,18,Male,EEE,161,470,2,3,0,0,0,43,Low,61.33,Medium Risk,No,Improve consistency
STU1921,22,Female,IT,255,217,22,7,1,0,1,256,Low,48.8,Medium Risk,No,Improve consistency
STU1922,24,Male,EEE,101,726,41,3,0,0,0,28,High,45.93,Medium Risk,No,Improve consistency
STU1923,22,Male,EEE,22,673,17,1,0,0,1,39,Low,84.87,High Risk,Yes,"Attend mentoring, increase activity"
STU1924,23,Female,CSE,101,447,25,9,0,1,1,58,Low,63.53,Medium Risk,No,Improve consistency
STU1925,20,Male,IT,5,547,12,5,0,0,1,189,Low,82.13,High Risk,Yes,"Attend mentoring, increase activity"
STU1926,22,Male,ECE,220,715,17,1,0,0,0,235,High,48.47,Medium Risk,No,Improve consistency
STU1927,24,Female,EEE,136,345,2,2,0,0,0,87,Low,66.67,Medium Risk,No,Improve consistency
STU1928,22,Female,ECE,264,431,22,0,0,1,0,216,High,51.6,Medium Risk,No,Improve consistency
STU1929,22,Female,ECE,129,759,2,4,0,0,0,44,Low,63.6,Medium Risk,No,Improve consistency
STU1930,22,Female,CSE,86,330,24,8,0,0,1,259,Low,58.13,Medium Risk,No,Improve consistency
STU1931,19,Female,EEE,287,506,26,1,0,0,0,80,High,34.13,Low Risk,No,Maintain performance
STU1932,19,Male,IT,175,596,43,6,0,0,0,288,High,28.87,Low Risk,No,Maintain performance
STU1933,20,Female,EEE,63,172,26,4,1,0,0,161,Low,68,Medium Risk,No,Improve consistency
STU1934,18,Male,ECE,36,550,38,1,0,0,0,236,Low,60.4,Medium Risk,No,Improve consistency
STU1935,22,Male,IT,165,174,24,7,0,1,0,252,Low,49.6,Medium Risk,No,Improve consistency
STU1936,23,Male,EEE,288,707,23,5,0,0,0,19,High,27.8,Low Risk,No,Maintain performance
STU1937,18,Female,ECE,110,575,7,3,1,1,1,57,Low,95.13,High Risk,Yes,"Attend mentoring, increase activity"
STU1938,23,Female,ECE,109,304,8,3,0,1,0,121,Low,74.67,High Risk,Yes,"Attend mentoring, increase activity"
STU1939,18,Male,CSE,232,51,45,1,0,1,0,213,Low,40.07,Medium Risk,No,Improve consistency
STU1940,20,Female,CSE,192,294,36,2,0,1,0,166,Low,48.8,Medium Risk,No,Improve consistency
STU1941,22,Female,CSE,74,396,29,6,0,1,1,35,Low,70.73,High Risk,Yes,"Attend mentoring, increase activity"
STU1942,22,Female,ECE,294,147,18,2,0,0,0,175,Low,36,Low Risk,No,Maintain performance
STU1943,21,Female,EEE,91,196,15,4,0,0,0,258,Low,60.87,Medium Risk,No,Improve consistency
STU1944,23,Male,CSE,60,725,23,9,0,0,0,271,Low,50.2,Medium Risk,No,Improve consistency
STU1945,18,Male,EEE,117,440,43,5,0,1,0,273,Low,48.6,Medium Risk,No,Improve consistency
STU1946,18,Female,CSE,17,563,20,5,0,0,0,26,Low,65.73,Medium Risk,No,Improve consistency
STU1947,19,Male,IT,22,425,35,3,0,0,1,85,Low,70.07,High Risk,Yes,"Attend mentoring, increase activity"
STU1948,21,Female,IT,186,435,39,5,0,0,0,263,High,31.8,Low Risk,No,Maintain performance
STU1949,24,Female,CSE,117,425,38,2,0,1,0,215,Low,57.6,Medium Risk,No,Improve consistency
STU1950,24,Male,ECE,233,35,46,6,1,1,0,43,Low,39.33,Low Risk,No,Maintain performance
STU1951,19,Male,CSE,175,380,5,6,0,0,0,156,Low,51.67,Medium Risk,No,Improve consistency
STU1952,19,Male,CSE,299,394,4,3,1,0,0,237,High,51.73,Medium Risk,No,Improve consistency
STU1953,19,Female,ECE,193,65,13,1,0,0,1,127,Low,64.47,Medium Risk,No,Improve consistency
STU1954,23,Male,IT,83,262,44,6,0,0,0,174,Low,40.53,Medium Risk,No,Improve consistency
STU1955,23,Female,EEE,150,643,41,2,0,0,0,47,High,41.4,Medium Risk,No,Improve consistency
STU1956,20,Male,CSE,186,115,49,0,0,0,0,146,Low,35.8,Low Risk,No,Maintain performance
STU1957,20,Male,ECE,290,139,3,1,0,1,1,255,Low,67.53,Medium Risk,No,Improve consistency
STU1958,19,Female,CSE,254,679,7,9,0,0,0,207,High,33.93,Low Risk,No,Maintain performance
STU1959,21,Female,ECE,200,385,23,8,0,0,0,75,Low,33.53,Low Risk,No,Maintain performance
STU1960,18,Female,EEE,75,752,10,7,0,0,0,89,Low,60,Medium Risk,No,Improve consistency
STU1961,23,Female,EEE,252,317,16,5,0,0,1,61,Low,46.8,Medium Risk,No,Improve consistency
STU1962,21,Female,IT,150,100,49,5,0,0,0,138,Low,30.6,Low Risk,No,Maintain performance
STU1963,22,Female,ECE,110,402,20,0,0,0,0,10,Low,63.33,Medium Risk,No,Improve consistency
STU1964,23,Female,ECE,267,543,25,1,1,1,1,176,High,67.4,Medium Risk,No,Improve consistency
STU1965,23,Female,IT,74,119,42,3,1,0,0,25,Low,58.93,Medium Risk,No,Improve consistency
STU1966,20,Male,IT,197,570,47,2,0,0,0,154,High,31.53,Low Risk,No,Maintain performance
STU1967,18,Female,ECE,72,650,43,0,0,1,0,121,Low,64.6,Medium Risk,No,Improve consistency
STU1968,18,Female,IT,56,594,44,7,1,1,0,111,Low,62.13,Medium Risk,No,Improve consistency
STU1969,24,Male,EEE,289,349,26,6,1,0,0,91,High,33.87,Low Risk,No,Maintain performance
STU1970,24,Female,CSE,13,574,15,3,0,0,1,108,Low,83.27,High Risk,Yes,"Attend mentoring, increase activity"
STU1971,24,Male,EEE,255,365,25,8,1,1,1,168,High,55,Medium Risk,No,Improve consistency
STU1972,24,Male,IT,188,177,32,3,0,1,1,49,Low,59.73,Medium Risk,No,Improve consistency
STU1973,22,Female,ECE,183,566,30,0,0,1,0,164,High,57.6,Medium Risk,No,Improve consistency
STU1974,22,Male,ECE,202,461,47,9,0,0,0,45,High,16.87,Low Risk,No,Maintain performance
STU1975,23,Female,EEE,132,114,46,0,0,0,0,256,Low,44.8,Medium Risk,No,Improve consistency
STU1976,19,Male,ECE,24,159,5,0,1,0,0,13,Low,93.8,High Risk,Yes,"Attend mentoring, increase activity"
STU1977,20,Male,IT,69,155,43,0,0,0,0,290,Low,55,Medium Risk,No,Improve consistency
STU1978,20,Male,EEE,186,725,7,3,0,1,0,258,High,65,Medium Risk,No,Improve consistency
STU1979,24,Female,ECE,245,308,6,0,0,1,0,21,Low,63.73,Medium Risk,No,Improve consistency
STU1980,23,Female,CSE,28,176,33,1,0,0,0,292,Low,64.47,Medium Risk,No,Improve consistency
STU1981,21,Male,CSE,87,722,43,3,0,0,1,225,High,56.6,Medium Risk,No,Improve consistency
STU1982,19,Male,IT,189,655,13,6,1,0,0,91,High,55,Medium Risk,No,Improve consistency
STU1983,23,Female,ECE,103,732,15,1,0,0,0,23,Low,65.27,Medium Risk,No,Improve consistency
STU1984,19,Female,IT,66,57,42,7,0,0,0,65,Low,42,Medium Risk,No,Improve consistency
STU1985,19,Male,EEE,290,647,8,6,1,0,0,291,High,44.53,Medium Risk,No,Improve consistency
STU1986,19,Male,CSE,26,248,9,8,0,0,0,208,Low,65.13,Medium Risk,No,Improve consistency
STU1987,23,Female,EEE,216,16,16,5,1,0,0,175,Low,51.6,Medium Risk,No,Improve consistency
STU1988,24,Female,ECE,130,473,11,3,0,0,0,155,Low,60.07,Medium Risk,No,Improve consistency
STU1989,20,Female,IT,46,462,5,5,0,1,0,87,Low,80.87,High Risk,Yes,"Attend mentoring, increase activity"
STU1990,20,Female,IT,102,793,18,3,0,0,1,121,High,69.6,Medium Risk,No,Improve consistency
STU1991,24,Female,IT,35,380,42,6,1,1,0,32,Low,68.13,Medium Risk,No,Improve consistency
STU1992,19,Male,EEE,162,558,40,8,0,0,0,125,High,28.4,Low Risk,No,Maintain performance
STU1993,21,Female,CSE,116,496,28,2,0,0,0,151,Low,53.73,Medium Risk,No,Improve consistency
STU1994,18,Male,EEE,251,220,5,2,0,0,0,206,Low,49.53,Medium Risk,No,Improve consistency
STU1995,23,Female,EEE,126,174,24,1,0,1,1,287,Low,76.8,High Risk,Yes,"Attend mentoring, increase activity"
STU1996,18,Male,ECE,277,134,23,0,0,0,0,37,Low,39.27,Low Risk,No,Maintain performance
STU1997,24,Female,ECE,298,346,24,0,1,0,0,85,High,45.87,Medium Risk,No,Improve consistency
STU1998,21,Female,ECE,211,201,15,2,1,0,0,27,Low,58.87,Medium Risk,No,Improve consistency
STU1999,23,Male,CSE,114,739,15,6,0,0,1,109,Low,63.8,Medium Risk,No,Improve consistency
STU2000,24,Male,CSE,282,223,5,8,0,0,0,133,Low,33.4,Low Risk,No,Maintain performance
STU2001,19,Female,ECE,60,583,36,1,0,0,1,134,Low,68.4,Medium Risk,No,Improve consistency
STU2002,20,Female,ECE,61,337,20,6,0,0,0,16,Low,57.87,Medium Risk,No,Improve consistency
STU2003,18,Female,CSE,295,390,3,0,1,0,1,32,High,68.87,Medium Risk,No,Improve consistency
STU2004,22,Female,IT,118,682,33,1,1,0,1,171,High,72.47,High Risk,Yes,"Attend mentoring, increase activity"
STU2005,22,Female,CSE,202,587,27,5,1,0,0,126,High,46.87,Medium Risk,No,Improve consistency
STU2006,21,Male,CSE,183,248,37,4,0,1,0,30,Low,45.4,Medium Risk,No,Improve consistency
STU2007,19,Male,CSE,223,541,40,7,0,0,0,261,High,22.27,Low Risk,No,Maintain performance
STU2008,18,Female,ECE,281,709,27,1,0,1,0,93,High,44.33,Medium Risk,No,Improve consistency
STU2009,19,Male,IT,20,91,16,0,0,0,0,50,Low,77.73,High Risk,Yes,"Attend mentoring, increase activity"
STU2010,18,Male,CSE,65,372,13,6,0,1,0,212,Low,71.53,High Risk,Yes,"Attend mentoring, increase activity"
STU2011,21,Male,ECE,58,514,6,5,1,0,0,137,Low,78.67,High Risk,Yes,"Attend mentoring, increase activity"
STU2012,21,Female,EEE,172,211,21,7,1,0,0,151,Low,50.47,Medium Risk,No,Improve consistency
STU2013,22,Male,EEE,30,513,0,7,1,1,0,112,Low,92,High Risk,Yes,"Attend mentoring, increase activity"
STU2014,19,Female,CSE,69,653,28,1,1,1,0,116,Low,82,High Risk,Yes,"Attend mentoring, increase activity"
STU2015,23,Male,EEE,104,46,30,7,0,1,0,26,Low,54.13,Medium Risk,No,Improve consistency
STU2016,22,Female,IT,78,653,29,5,0,1,1,34,Low,72.2,High Risk,Yes,"Attend mentoring, increase activity"
STU2017,19,Male,EEE,196,598,14,8,0,0,1,73,High,49.47,Medium Risk,No,Improve consistency
STU2018,22,Female,EEE,175,610,17,6,0,0,1,246,High,54.47,Medium Risk,No,Improve consistency
STU2019,23,Female,IT,277,411,34,1,0,0,0,185,High,30.67,Low Risk,No,Maintain performance
STU2020,20,Male,CSE,191,774,49,7,0,1,0,165,High,31.13,Low Risk,No,Maintain performance
STU2021,20,Female,CSE,27,715,29,8,0,0,0,62,Low,53,Medium Risk,No,Improve consistency
STU2022,20,Female,IT,185,185,33,6,0,1,0,82,Low,43.53,Medium Risk,No,Improve consistency
STU2023,20,Female,IT,112,554,41,3,0,0,0,192,Low,44.47,Medium Risk,No,Improve consistency
STU2024,24,Female,IT,166,579,10,8,0,0,0,198,Low,45.87,Medium Risk,No,Improve consistency
STU2025,18,Female,EEE,210,476,26,3,0,0,1,22,High,50.4,Medium Risk,No,Improve consistency
STU2026,24,Female,IT,82,210,23,3,0,0,0,56,Low,59.27,Medium Risk,No,Improve consistency
STU2027,24,Female,ECE,20,549,34,8,0,0,0,169,Low,50.93,Medium Risk,No,Improve consistency
STU2028,24,Female,EEE,100,556,38,7,1,0,1,293,Low,59.87,Medium Risk,No,Improve consistency
STU2029,20,Male,CSE,151,646,7,3,0,1,0,62,Low,69.67,Medium Risk,No,Improve consistency
STU2030,23,Male,CSE,6,403,17,7,0,0,0,296,Low,65,Medium Risk,No,Improve consistency
STU2031,21,Female,CSE,14,51,12,7,0,0,0,17,Low,66.93,Medium Risk,No,Improve consistency
STU2032,21,Female,EEE,129,606,44,6,1,1,1,81,High,64.4,Medium Risk,No,Improve consistency
STU2033,18,Male,ECE,85,402,23,9,0,0,0,107,Low,46.87,Medium Risk,No,Improve consistency
STU2034,20,Male,IT,144,709,22,5,1,0,0,96,High,57.6,Medium Risk,No,Improve consistency
STU2035,20,Male,IT,154,632,11,7,1,0,0,110,Low,58.87,Medium Risk,No,Improve consistency
STU2036,20,Female,CSE,292,792,48,6,1,0,0,290,High,20.27,Low Risk,No,Maintain performance
STU2037,22,Male,CSE,133,450,29,4,0,0,0,298,Low,46.87,Medium Risk,No,Improve consistency
STU2038,19,Female,EEE,243,626,30,3,0,1,0,246,High,43.6,Medium Risk,No,Improve consistency
STU2039,22,Female,ECE,62,515,27,1,0,0,0,205,Low,63.53,Medium Risk,No,Improve consistency
STU2040,19,Male,IT,202,329,21,7,0,0,0,106,Low,36.47,Low Risk,No,Maintain performance
STU2041,20,Female,EEE,215,562,43,8,0,0,0,105,High,19.53,Low Risk,No,Maintain performance
STU2042,20,Female,IT,49,224,27,3,1,0,0,270,Low,71.27,High Risk,Yes,"Attend mentoring, increase activity"
STU2043,22,Female,CSE,101,80,12,3,1,0,0,130,Low,73.33,High Risk,Yes,"Attend mentoring, increase activity"
STU2044,22,Female,IT,283,577,24,4,0,0,0,282,High,29.87,Low Risk,No,Maintain performance
STU2045,19,Male,ECE,27,245,43,1,0,0,0,61,Low,58.6,Medium Risk,No,Improve consistency
STU2046,21,Male,ECE,48,290,45,6,1,1,0,172,Low,64.6,Medium Risk,No,Improve consistency
STU2047,19,Female,CSE,31,626,6,4,0,0,0,199,Low,74.27,High Risk,Yes,"Attend mentoring, increase activity"
STU2048,22,Female,ECE,286,171,44,5,0,0,1,286,High,25.47,Low Risk,No,Maintain performance
STU2049,23,Male,ECE,101,200,5,3,0,0,1,94,Low,77.53,High Risk,Yes,"Attend mentoring, increase activity"
STU2050,22,Female,EEE,40,18,23,7,0,0,0,203,Low,56.87,Medium Risk,No,Improve consistency
STU2051,23,Male,IT,113,69,18,7,0,1,1,190,Low,70.13,High Risk,Yes,"Attend mentoring, increase activity"
STU2052,18,Female,CSE,59,234,18,4,0,0,0,30,Low,63.33,Medium Risk,No,Improve consistency
STU2053,22,Female,CSE,196,709,35,5,0,0,1,212,High,42.87,Medium Risk,No,Improve consistency
STU2054,18,Male,CSE,223,591,8,2,0,0,0,211,High,51.47,Medium Risk,No,Improve consistency
STU2055,21,Male,CSE,189,296,47,0,0,0,0,160,Low,36.6,Low Risk,No,Maintain performance
STU2056,19,Male,CSE,73,178,35,8,0,0,0,168,Low,43.27,Medium Risk,No,Improve consistency
STU2057,23,Male,ECE,134,71,37,8,0,0,0,35,Low,33.93,Low Risk,No,Maintain performance
STU2058,19,Female,EEE,59,358,39,2,0,1,0,75,Low,64.73,Medium Risk,No,Improve consistency
STU2059,18,Male,CSE,101,451,28,3,1,0,0,272,Low,63.73,Medium Risk,No,Improve consistency
STU2060,23,Female,EEE,91,23,23,6,0,0,0,176,Low,52.07,Medium Risk,No,Improve consistency
STU2061,19,Male,EEE,298,173,47,1,0,1,1,297,High,40.07,Medium Risk,No,Improve consistency
STU2062,22,Male,ECE,123,429,4,2,1,0,0,163,Low,77.2,High Risk,Yes,"Attend mentoring, increase activity"
STU2063,20,Female,CSE,212,766,41,5,1,0,0,215,High,37.13,Low Risk,No,Maintain performance
STU2064,18,Male,ECE,158,529,44,7,1,0,1,162,High,48.53,Medium Risk,No,Improve consistency
STU2065,19,Male,CSE,39,675,25,0,0,0,0,193,Low,69.8,Medium Risk,No,Improve consistency
STU2066,18,Male,ECE,83,557,13,3,0,1,1,168,Low,85.13,High Risk,Yes,"Attend mentoring, increase activity"
STU2067,24,Male,EEE,71,569,38,0,1,0,0,203,Low,67.73,Medium Risk,No,Improve consistency
STU2068,18,Female,CSE,38,606,28,1,1,1,0,11,Low,86.13,High Risk,Yes,"Attend mentoring, increase activity"
STU2069,23,Female,IT,101,37,5,7,1,0,0,224,Low,69.53,Medium Risk,No,Improve consistency
STU2070,24,Male,EEE,173,717,6,5,0,0,0,184,High,53.33,Medium Risk,No,Improve consistency
STU2071,23,Male,IT,173,455,36,8,0,0,0,84,High,29.33,Low Risk,No,Maintain performance
STU2072,20,Male,EEE,155,217,17,1,0,0,0,294,Low,57.13,Medium Risk,No,Improve consistency
STU2073,24,Female,ECE,75,479,22,2,0,0,0,136,Low,62.8,Medium Risk,No,Improve consistency
STU2074,22,Female,CSE,7,725,43,8,0,0,0,58,Low,47.27,Medium Risk,No,Improve consistency
STU2075,18,Female,EEE,36,113,37,8,0,0,0,41,Low,47,Medium Risk,No,Improve consistency
STU2076,19,Female,ECE,291,751,0,5,0,1,0,167,High,51.2,Medium Risk,No,Improve consistency
STU2077,21,Male,CSE,86,435,3,2,0,0,1,24,Low,82.73,High Risk,Yes,"Attend mentoring, increase activity"
STU2078,18,Male,CSE,47,110,43,4,0,0,0,252,Low,49.93,Medium Risk,No,Improve consistency
STU2079,18,Male,EEE,109,550,46,1,1,1,1,26,High,75.87,High Risk,Yes,"Attend mentoring, increase activity"
STU2080,20,Female,CSE,5,648,34,6,1,0,0,31,Low,66.93,Medium Risk,No,Improve consistency
STU2081,22,Male,EEE,65,531,22,9,0,0,1,253,Low,60.13,Medium Risk,No,Improve consistency
STU2082,21,Female,CSE,274,115,26,7,0,0,0,90,Low,23.87,Low Risk,No,Maintain performance
STU2083,24,Female,IT,184,688,25,5,1,0,0,153,High,50.47,Medium Risk,No,Improve consistency
STU2084,24,Male,ECE,228,778,7,7,0,0,0,17,High,41.4,Medium Risk,No,Improve consistency
STU2085,24,Male,IT,10,286,42,1,0,0,0,176,Low,61.47,Medium Risk,No,Improve consistency
STU2086,23,Male,EEE,107,74,15,2,0,1,0,296,Low,72.73,High Risk,Yes,"Attend mentoring, increase activity"
STU2087,23,Female,IT,14,792,40,6,0,0,0,277,Low,52.13,Medium Risk,No,Improve consistency
STU2088,19,Female,EEE,75,197,2,9,0,0,0,298,Low,60.8,Medium Risk,No,Improve consistency
STU2089,21,Male,CSE,94,326,31,0,0,0,0,195,Low,58.87,Medium Risk,No,Improve consistency
STU2090,24,Male,CSE,230,147,4,6,0,0,0,21,Low,44.93,Medium Risk,No,Improve consistency
STU2091,23,Female,EEE,162,352,19,5,0,1,0,290,Low,57,Medium Risk,No,Improve consistency
STU2092,19,Male,IT,232,114,13,7,0,0,0,92,Low,37.27,Low Risk,No,Maintain performance
STU2093,22,Female,CSE,130,555,31,6,0,0,1,64,Low,52.07,Medium Risk,No,Improve consistency
STU2094,19,Female,ECE,213,389,25,3,0,0,0,140,Low,40.6,Medium Risk,No,Improve consistency
STU2095,23,Male,CSE,101,119,46,2,0,0,0,134,Low,44.93,Medium Risk,No,Improve consistency
STU2096,20,Male,ECE,78,554,5,2,0,0,0,60,Low,72.6,High Risk,Yes,"Attend mentoring, increase activity"
STU2097,20,Male,IT,119,363,35,3,0,0,0,36,Low,47.13,Medium Risk,No,Improve consistency
STU2098,24,Male,ECE,195,752,39,8,0,0,0,174,High,24.6,Low Risk,No,Maintain performance
STU2099,20,Female,ECE,174,326,4,8,0,0,0,290,Low,48.4,Medium Risk,No,Improve consistency
STU2100,24,Female,ECE,208,275,12,1,0,0,1,42,Low,63.07,Medium Risk,No,Improve consistency
STU2101,24,Female,ECE,60,703,31,4,0,0,0,71,Low,55.4,Medium Risk,No,Improve consistency
STU2102,23,Male,CSE,212,74,15,0,0,0,0,154,Low,52.73,Medium Risk,No,Improve consistency
STU2103,20,Female,ECE,45,342,0,3,0,1,0,180,Low,88,High Risk,Yes,"Attend mentoring, increase activity"
STU2104,24,Male,CSE,36,522,12,1,0,0,0,295,Low,76,High Risk,Yes,"Attend mentoring, increase activity"
STU2105,21,Male,ECE,19,142,10,7,0,1,0,126,Low,77.47,High Risk,Yes,"Attend mentoring, increase activity"
STU2106,22,Male,EEE,66,601,7,3,0,0,0,13,Low,71,High Risk,Yes,"Attend mentoring, increase activity"
STU2107,19,Male,IT,159,792,24,4,0,1,0,75,High,56.4,Medium Risk,No,Improve consistency
STU2108,19,Male,ECE,288,762,39,3,0,0,0,69,High,22.2,Low Risk,No,Maintain performance
STU2109,23,Male,EEE,213,549,31,4,1,0,0,296,High,45,Medium Risk,No,Improve consistency
STU2110,20,Female,ECE,191,744,23,4,0,0,1,238,High,52.73,Medium Risk,No,Improve consistency
STU2111,20,Male,ECE,134,544,27,4,0,0,0,109,Low,47.93,Medium Risk,No,Improve consistency
STU2112,24,Female,ECE,131,505,13,2,0,0,0,128,Low,60.73,Medium Risk,No,Improve consistency
STU2113,18,Female,EEE,296,630,44,6,0,0,0,78,High,12.13,Low Risk,No,Maintain performance
STU2114,24,Male,IT,118,628,2,2,1,0,0,161,Low,79.07,High Risk,Yes,"Attend mentoring, increase activity"
STU2115,22,Male,EEE,203,666,35,1,0,0,1,289,High,49.93,Medium Risk,No,Improve consistency
STU2116,21,Male,IT,17,378,26,2,0,0,1,230,Low,78.13,High Risk,Yes,"Attend mentoring, increase activity"
STU2117,19,Female,ECE,275,660,19,2,0,0,0,232,High,37.93,Low Risk,No,Maintain performance
STU2118,24,Male,CSE,93,108,46,7,0,0,0,174,Low,36,Low Risk,No,Maintain performance
STU2119,18,Female,ECE,219,326,14,3,0,0,0,220,Low,46.4,Medium Risk,No,Improve consistency
STU2120,18,Male,IT,282,132,26,2,0,0,1,288,Low,42.8,Medium Risk,No,Improve consistency
STU2121,24,Male,EEE,207,329,44,9,1,0,0,72,High,28,Low Risk,No,Maintain performance
STU2122,23,Female,ECE,78,602,40,4,0,0,1,271,Low,57.6,Medium Risk,No,Improve consistency
STU2123,19,Female,EEE,29,504,27,3,0,0,0,15,Low,63.93,Medium Risk,No,Improve consistency
STU2124,23,Male,EEE,105,466,24,8,0,1,0,257,Low,55.6,Medium Risk,No,Improve consistency
STU2125,21,Female,EEE,180,531,41,7,0,0,1,238,High,37.4,Low Risk,No,Maintain performance
STU2126,18,Female,ECE,121,529,43,6,0,1,1,295,Low,56.07,Medium Risk,No,Improve consistency
STU2127,18,Female,EEE,170,726,45,7,0,0,0,266,High,26.33,Low Risk,No,Maintain performance
STU2128,22,Female,EEE,45,324,32,4,0,1,1,72,Low,76.8,High Risk,Yes,"Attend mentoring, increase activity"
STU2129,21,Female,ECE,124,718,45,3,0,1,1,37,High,60.47,Medium Risk,No,Improve consistency
STU2130,18,Male,EEE,101,719,13,6,1,0,1,62,Low,76.73,High Risk,Yes,"Attend mentoring, increase activity"
STU2131,21,Male,ECE,149,551,7,0,0,0,1,261,Low,75.93,High Risk,Yes,"Attend mentoring, increase activity"
STU2132,19,Female,IT,220,488,47,5,0,0,0,47,High,22.47,Low Risk,No,Maintain performance
STU2133,20,Male,IT,233,29,13,7,0,0,0,148,Low,37.13,Low Risk,No,Maintain performance
STU2134,18,Male,IT,134,569,0,6,0,1,1,62,Low,80.13,High Risk,Yes,"Attend mentoring, increase activity"
STU2135,22,Female,EEE,141,139,15,1,0,1,0,103,Low,70.2,High Risk,Yes,"Attend mentoring, increase activity"
STU2136,19,Male,CSE,277,302,17,6,0,0,0,103,Low,30.87,Low Risk,No,Maintain performance
STU2137,24,Female,CSE,121,141,6,5,0,1,0,272,Low,70.27,High Risk,Yes,"Attend mentoring, increase activity"
STU2138,21,Female,EEE,98,365,14,4,0,1,1,146,Low,80.53,High Risk,Yes,"Attend mentoring, increase activity"
STU2139,24,Male,CSE,172,63,23,3,1,0,0,265,Low,57.27,Medium Risk,No,Improve consistency
STU2140,23,Female,ECE,207,396,48,0,0,0,0,46,High,33.6,Low Risk,No,Maintain performance
STU2141,19,Female,CSE,153,274,12,1,0,0,0,151,Low,60.4,Medium Risk,No,Improve consistency
STU2142,24,Female,EEE,187,224,8,6,0,0,0,156,Low,48.27,Medium Risk,No,Improve consistency
STU2143,18,Female,EEE,156,469,14,9,0,0,0,17,Low,42.8,Medium Risk,No,Improve consistency
STU2144,21,Female,ECE,78,467,34,2,0,0,0,260,Low,55.2,Medium Risk,No,Improve consistency
STU2145,20,Male,IT,278,52,23,4,0,0,0,144,Low,31.13,Low Risk,No,Maintain performance
STU2146,19,Male,EEE,46,595,32,7,0,0,1,68,Low,60.67,Medium Risk,No,Improve consistency
STU2147,18,Female,ECE,216,287,15,7,0,1,0,132,Low,48.2,Medium Risk,No,Improve consistency
STU2148,22,Female,CSE,105,763,7,5,0,0,1,272,Low,71.8,High Risk,Yes,"Attend mentoring, increase activity"
STU2149,23,Male,CSE,49,139,28,4,0,0,0,129,Low,58.67,Medium Risk,No,Improve consistency
STU2150,21,Female,ECE,86,359,22,1,0,1,1,268,Low,83.33,High Risk,Yes,"Attend mentoring, increase activity"
STU2151,19,Male,ECE,21,715,44,8,1,0,0,27,Low,54.8,Medium Risk,No,Improve consistency
STU2152,19,Female,EEE,77,553,30,0,1,0,0,101,Low,71.73,High Risk,Yes,"Attend mentoring, increase activity"
STU2153,20,Female,CSE,18,115,39,1,1,0,0,173,Low,72.2,High Risk,Yes,"Attend mentoring, increase activity"
STU2154,20,Female,ECE,161,725,48,0,0,0,0,153,High,39.73,Low Risk,No,Maintain performance
STU2155,22,Female,CSE,227,10,13,3,0,1,0,247,Low,55.93,Medium Risk,No,Improve consistency
STU2156,23,Female,ECE,136,766,29,3,0,0,0,183,High,48.47,Medium Risk,No,Improve consistency
STU2157,22,Female,CSE,51,593,38,4,0,0,1,92,Low,62.4,Medium Risk,No,Improve consistency
STU2158,18,Female,IT,111,441,26,4,0,0,0,166,Low,51.6,Medium Risk,No,Improve consistency
STU2159,18,Male,EEE,112,315,46,7,0,1,1,118,Low,53.47,Medium Risk,No,Improve consistency
STU2160,22,Male,CSE,269,536,15,2,0,0,0,187,High,41.13,Medium Risk,No,Improve consistency
STU2161,23,Male,IT,209,62,5,5,0,1,1,259,Low,69.13,Medium Risk,No,Improve consistency
STU2162,22,Female,CSE,83,529,32,2,0,0,0,262,Low,55.73,Medium Risk,No,Improve consistency
STU2163,23,Female,CSE,159,339,43,1,0,1,0,64,Low,51,Medium Risk,No,Improve consistency
STU2164,23,Female,IT,275,567,17,7,0,1,0,164,High,39.13,Low Risk,No,Maintain performance
STU2165,24,Female,CSE,251,334,15,0,1,0,1,100,Low,67.53,Medium Risk,No,Improve consistency
STU2166,21,Female,CSE,23,123,11,8,0,0,0,135,Low,64.33,Medium Risk,No,Improve consistency
STU2167,23,Female,EEE,30,156,19,6,0,1,0,178,Low,72.6,High Risk,Yes,"Attend mentoring, increase activity"
STU2168,20,Female,IT,221,175,44,9,0,0,0,148,Low,16.13,Low Risk,No,Maintain performance
STU2169,23,Male,IT,158,388,39,3,0,1,0,14,Low,49.53,Medium Risk,No,Improve consistency
STU2170,23,Female,ECE,158,148,28,2,0,0,0,75,Low,48.13,Medium Risk,No,Improve consistency
STU2171,23,Male,CSE,178,638,29,5,0,0,0,120,High,38.87,Low Risk,No,Maintain performance
STU2172,24,Male,EEE,96,308,25,8,0,0,1,193,Low,56.2,Medium Risk,No,Improve consistency
STU2173,24,Female,CSE,185,285,21,8,0,0,0,277,Low,36.73,Low Risk,No,Maintain performance
STU2174,18,Female,CSE,135,798,32,3,0,0,1,179,High,56.8,Medium Risk,No,Improve consistency
STU2175,24,Male,ECE,279,187,38,9,0,0,0,253,High,12,Low Risk,No,Maintain performance
STU2176,20,Male,CSE,277,363,46,4,0,0,0,147,High,17.47,Low Risk,No,Maintain performance
STU2177,20,Female,EEE,80,163,28,8,0,1,1,37,Low,66.53,Medium Risk,No,Improve consistency
STU2178,24,Female,EEE,181,210,21,1,0,0,0,16,Low,51.27,Medium Risk,No,Improve consistency
STU2179,22,Male,ECE,188,124,44,1,0,0,0,60,Low,36.53,Low Risk,No,Maintain performance
STU2180,21,Female,CSE,135,680,12,4,1,1,1,145,Low,86.8,High Risk,Yes,"Attend mentoring, increase activity"
STU2181,24,Female,EEE,53,563,8,0,0,0,0,187,Low,78.13,High Risk,Yes,"Attend mentoring, increase activity"
STU2182,23,Female,CSE,59,768,23,7,0,0,0,138,Low,54.33,Medium Risk,No,Improve consistency
STU2183,19,Male,CSE,158,77,14,4,0,0,0,206,Low,52.53,Medium Risk,No,Improve consistency
STU2184,21,Male,CSE,204,454,35,9,0,0,0,276,High,23.8,Low Risk,No,Maintain performance
STU2185,21,Male,ECE,122,454,12,1,0,0,0,116,Low,64.53,Medium Risk,No,Improve consistency
STU2186,20,Female,CSE,267,335,26,8,0,0,0,57,High,22.8,Low Risk,No,Maintain performance
STU2187,21,Female,EEE,50,717,43,1,1,1,0,147,Low,75.53,High Risk,Yes,"Attend mentoring, increase activity"
STU2188,24,Male,CSE,193,611,36,6,0,0,1,112,High,40.67,Medium Risk,No,Improve consistency
STU2189,23,Male,EEE,133,632,6,7,0,0,0,56,Low,54.67,Medium Risk,No,Improve consistency
STU2190,23,Male,CSE,53,368,7,5,1,1,0,162,Low,88.73,High Risk,Yes,"Attend mentoring, increase activity"
STU2191,18,Female,EEE,29,154,36,6,0,0,0,15,Low,52.53,Medium Risk,No,Improve consistency
STU2192,23,Male,EEE,270,284,40,0,0,0,1,20,High,40,Low Risk,No,Maintain performance
STU2193,23,Male,CSE,122,518,13,3,0,1,1,26,Low,79.93,High Risk,Yes,"Attend mentoring, increase activity"
STU2194,20,Female,CSE,148,188,11,6,0,0,1,152,Low,61.67,Medium Risk,No,Improve consistency
STU2195,23,Female,EEE,204,762,35,0,0,1,1,281,High,61.8,Medium Risk,No,Improve consistency
STU2196,18,Female,IT,161,486,39,0,0,0,0,75,High,45.13,Medium Risk,No,Improve consistency
STU2197,19,Male,ECE,138,423,16,5,1,0,0,265,Low,62,Medium Risk,No,Improve consistency
STU2198,24,Female,IT,152,162,39,3,0,0,0,136,Low,40.33,Medium Risk,No,Improve consistency
STU2199,20,Female,IT,75,113,28,2,0,0,0,140,Low,59.2,Medium Risk,No,Improve consistency
STU2200,19,Male,CSE,237,84,26,4,0,0,0,27,Low,34.8,Low Risk,No,Maintain performance
STU2201,20,Female,ECE,158,137,0,8,0,1,0,216,Low,62.93,Medium Risk,No,Improve consistency
STU2202,22,Male,IT,94,720,33,9,0,1,0,98,High,49.67,Medium Risk,No,Improve consistency
STU2203,21,Male,CSE,203,675,3,9,0,0,1,252,High,53.13,Medium Risk,No,Improve consistency
STU2204,22,Female,IT,165,577,23,9,0,1,0,26,High,46.2,Medium Risk,No,Improve consistency
STU2205,23,Female,IT,30,799,20,2,0,0,0,232,Low,70,Medium Risk,No,Improve consistency
STU2206,19,Female,CSE,125,354,32,4,0,0,0,219,Low,46.13,Medium Risk,No,Improve consistency
STU2207,23,Female,CSE,216,540,6,9,1,0,0,108,Low,49.6,Medium Risk,No,Improve consistency
STU2208,21,Female,CSE,67,168,0,4,0,0,0,22,Low,73.07,High Risk,Yes,"Attend mentoring, increase activity"
STU2209,20,Female,ECE,72,547,40,8,0,1,0,279,Low,50.4,Medium Risk,No,Improve consistency
STU2210,21,Male,IT,257,435,2,9,1,0,0,196,Low,46.53,Medium Risk,No,Improve consistency
STU2211,18,Male,CSE,6,690,43,3,0,1,0,283,Low,67.4,Medium Risk,No,Improve consistency
STU2212,21,Female,EEE,112,32,14,0,1,0,0,142,Low,76.67,High Risk,Yes,"Attend mentoring, increase activity"
STU2213,18,Male,IT,290,56,30,9,0,0,0,23,Low,15.33,Low Risk,No,Maintain performance
STU2214,21,Female,EEE,53,534,15,4,0,0,0,290,Low,65.93,Medium Risk,No,Improve consistency
STU2215,24,Male,ECE,144,738,9,0,1,1,0,53,Low,85.4,High Risk,Yes,"Attend mentoring, increase activity"
STU2216,18,Male,CSE,222,715,28,5,0,0,0,113,High,33.6,Low Risk,No,Maintain performance
STU2217,19,Male,EEE,48,153,5,9,1,0,1,71,Low,82.6,High Risk,Yes,"Attend mentoring, increase activity"
STU2218,23,Female,ECE,273,594,28,9,1,0,0,62,High,28.8,Low Risk,No,Maintain performance
STU2219,23,Male,CSE,82,677,16,6,1,0,1,127,Low,77.47,High Risk,Yes,"Attend mentoring, increase activity"
STU2220,22,Female,EEE,220,598,21,0,0,0,1,140,High,58.07,Medium Risk,No,Improve consistency
STU2221,23,Male,EEE,102,428,23,9,0,0,1,208,Low,54.6,Medium Risk,No,Improve consistency
STU2222,20,Male,ECE,240,690,16,3,0,1,1,45,High,62.4,Medium Risk,No,Improve consistency
STU2223,24,Male,CSE,286,94,20,8,1,0,1,288,Low,43.87,Medium Risk,No,Improve consistency
STU2224,21,Male,CSE,153,425,49,0,0,0,0,225,High,40.2,Medium Risk,No,Improve consistency
STU2225,22,Male,EEE,70,703,10,8,0,0,0,83,Low,58.67,Medium Risk,No,Improve consistency
STU2226,20,Female,EEE,238,491,6,7,0,0,0,64,Low,40.67,Medium Risk,No,Improve consistency
STU2227,20,Female,EEE,91,465,41,4,0,1,0,21,Low,55.27,Medium Risk,No,Improve consistency
STU2228,18,Male,CSE,83,306,38,5,0,0,0,92,Low,46.13,Medium Risk,No,Improve consistency
STU2229,23,Male,ECE,209,121,4,6,0,0,0,41,Low,47.73,Medium Risk,No,Improve consistency
STU2230,19,Male,ECE,283,239,43,3,1,0,1,95,High,40.47,Medium Risk,No,Improve consistency
STU2231,19,Male,CSE,258,105,47,5,0,1,0,241,Low,27.4,Low Risk,No,Maintain performance
STU2232,22,Female,IT,134,689,20,6,1,1,0,284,High,68.13,Medium Risk,No,Improve consistency
STU2233,24,Male,ECE,88,387,17,5,0,0,0,210,Low,58.07,Medium Risk,No,Improve consistency
STU2234,19,Female,EEE,280,165,34,5,0,0,0,60,Low,22.27,Low Risk,No,Maintain performance
STU2235,21,Male,IT,191,430,19,1,0,0,0,265,Low,51.13,Medium Risk,No,Improve consistency
STU2236,19,Female,IT,50,114,14,4,0,0,0,250,Low,66.93,Medium Risk,No,Improve consistency
STU2237,22,Male,ECE,187,714,4,2,0,0,0,214,High,58.67,Medium Risk,No,Improve consistency
STU2238,19,Male,IT,272,339,12,6,0,0,0,205,Low,34.53,Low Risk,No,Maintain performance
STU2239,21,Female,IT,104,448,11,3,0,0,0,253,Low,63.53,Medium Risk,No,Improve consistency
STU2240,18,Male,ECE,82,141,20,0,0,0,0,10,Low,67.07,Medium Risk,No,Improve consistency
STU2241,24,Male,ECE,276,391,36,5,0,1,0,98,High,31.6,Low Risk,No,Maintain performance
STU2242,22,Male,IT,166,147,5,5,0,0,0,291,Low,54.87,Medium Risk,No,Improve consistency
STU2243,18,Female,EEE,48,279,6,6,0,0,0,148,Low,68,Medium Risk,No,Improve consistency
STU2244,18,Male,CSE,242,559,25,7,0,0,0,96,High,28.73,Low Risk,No,Maintain performance
STU2245,18,Male,IT,138,405,41,2,0,0,0,11,Low,43,Medium Risk,No,Improve consistency
STU2246,20,Female,IT,196,566,47,5,1,0,0,177,High,35.67,Low Risk,No,Maintain performance
STU2247,24,Female,EEE,282,473,7,9,0,0,0,128,High,30.2,Low Risk,No,Maintain performance
STU2248,23,Female,IT,22,684,8,1,0,0,1,89,Low,90.27,High Risk,Yes,"Attend mentoring, increase activity"
STU2249,24,Male,IT,16,459,26,8,0,0,0,120,Low,56.27,Medium Risk,No,Improve consistency
STU2250,20,Male,CSE,184,340,3,1,0,1,1,174,Low,81.67,High Risk,Yes,"Attend mentoring, increase activity"
STU2251,23,Male,CSE,127,262,20,2,0,0,0,228,Low,57.07,Medium Risk,No,Improve consistency
STU2252,24,Female,CSE,250,690,30,9,0,0,0,14,High,20.67,Low Risk,No,Maintain performance
STU2253,18,Male,ECE,226,294,20,1,0,0,1,224,Low,55.87,Medium Risk,No,Improve consistency
STU2254,22,Male,ECE,55,283,39,8,0,0,1,204,Low,53.27,Medium Risk,No,Improve consistency
STU2255,23,Female,CSE,75,29,24,0,0,0,1,291,Low,75.6,High Risk,Yes,"Attend mentoring, increase activity"
STU2256,21,Female,CSE,52,248,38,4,0,0,0,15,Low,52.27,Medium Risk,No,Improve consistency
STU2257,21,Female,ECE,23,279,14,0,0,1,0,67,Low,88.53,High Risk,Yes,"Attend mentoring, increase activity"
STU2258,19,Female,EEE,266,427,34,4,1,1,1,111,High,56.13,Medium Risk,No,Improve consistency
STU2259,23,Female,IT,88,319,48,7,0,0,0,57,Low,35.47,Low Risk,No,Maintain performance
STU2260,22,Male,IT,159,40,42,7,1,0,1,285,Low,49.6,Medium Risk,No,Improve consistency
STU2261,20,Female,CSE,57,113,40,7,0,0,0,172,Low,44.4,Medium Risk,No,Improve consistency
STU2262,18,Male,EEE,111,691,36,1,0,0,1,205,High,61.6,Medium Risk,No,Improve consistency
STU2263,19,Male,ECE,139,195,41,7,0,0,1,141,Low,42.87,Medium Risk,No,Improve consistency
STU2264,21,Female,CSE,73,137,46,4,0,0,0,75,Low,44.67,Medium Risk,No,Improve consistency
STU2265,20,Female,EEE,15,219,27,0,0,0,0,92,Low,71.8,High Risk,Yes,"Attend mentoring, increase activity"
STU2266,20,Female,EEE,147,423,13,6,0,0,0,274,Low,50.6,Medium Risk,No,Improve consistency
STU2267,18,Male,EEE,196,290,3,5,0,0,0,238,Low,52.07,Medium Risk,No,Improve consistency
STU2268,23,Female,ECE,73,262,19,4,0,0,0,282,Low,60.87,Medium Risk,No,Improve consistency
STU2269,21,Female,ECE,27,28,33,0,0,0,0,228,Low,66.6,Medium Risk,No,Improve consistency
STU2270,22,Female,IT,185,721,11,0,0,1,1,234,High,78.73,High Risk,Yes,"Attend mentoring, increase activity"
STU2271,20,Female,IT,297,741,32,5,0,0,1,122,High,31.2,Low Risk,No,Maintain performance
STU2272,18,Female,EEE,13,145,23,9,0,1,0,149,Low,66.47,Medium Risk,No,Improve consistency
STU2273,22,Male,EEE,275,232,19,6,0,0,0,194,Low,29.93,Low Risk,No,Maintain performance
STU2274,23,Male,ECE,97,12,4,9,0,1,1,182,Low,76.67,High Risk,Yes,"Attend mentoring, increase activity"
STU2275,21,Male,IT,21,245,37,9,1,0,1,20,Low,67,Medium Risk,No,Improve consistency
STU2276,23,Female,EEE,158,474,29,0,1,1,1,168,Low,81.53,High Risk,Yes,"Attend mentoring, increase activity"
STU2277,20,Female,IT,153,237,23,8,0,0,0,214,Low,39.8,Low Risk,No,Maintain performance
STU2278,22,Female,IT,271,663,42,3,0,0,1,239,High,32.67,Low Risk,No,Maintain performance
STU2279,22,Male,EEE,110,508,39,4,0,0,0,35,Low,43.93,Medium Risk,No,Improve consistency
STU2280,22,Female,ECE,39,530,6,1,0,0,1,168,Low,89.2,High Risk,Yes,"Attend mentoring, increase activity"
STU2281,20,Female,EEE,123,711,35,9,0,0,1,287,High,44.6,Medium Risk,No,Improve consistency
STU2282,20,Female,EEE,18,686,37,7,0,0,1,157,Low,61.4,Medium Risk,No,Improve consistency
STU2283,23,Male,IT,18,148,15,1,0,0,0,275,Low,76.6,High Risk,Yes,"Attend mentoring, increase activity"
STU2284,19,Female,EEE,270,285,14,2,0,0,1,92,Low,51.6,Medium Risk,No,Improve consistency
STU2285,23,Male,ECE,144,300,45,8,0,0,0,35,Low,27.8,Low Risk,No,Maintain performance
STU2286,21,Female,EEE,298,62,22,1,0,0,0,80,Low,35.07,Low Risk,No,Maintain performance
STU2287,18,Male,ECE,123,696,11,5,0,0,1,46,Low,67,Medium Risk,No,Improve consistency
STU2288,22,Male,ECE,242,119,28,3,0,1,0,142,Low,44.93,Medium Risk,No,Improve consistency
STU2289,19,Male,IT,38,724,43,6,0,1,0,135,Low,57.13,Medium Risk,No,Improve consistency
STU2290,18,Female,CSE,173,657,47,5,0,1,1,124,High,48.73,Medium Risk,No,Improve consistency
STU2291,19,Female,CSE,14,13,14,9,1,1,1,101,Low,91.73,High Risk,Yes,"Attend mentoring, increase activity"
STU2292,24,Male,IT,126,676,28,8,0,0,1,251,High,50.4,Medium Risk,No,Improve consistency
STU2293,23,Male,EEE,149,693,44,8,0,1,0,209,High,37.73,Low Risk,No,Maintain performance
STU2294,20,Female,IT,227,56,42,9,0,0,1,216,Low,26.53,Low Risk,No,Maintain performance
STU2295,22,Female,ECE,261,103,48,3,0,0,0,126,Low,20.4,Low Risk,No,Maintain performance
STU2296,23,Male,CSE,272,569,20,0,0,1,1,228,High,61.73,Medium Risk,No,Improve consistency
STU2297,18,Female,IT,8,761,14,1,0,0,0,252,Low,78.53,High Risk,Yes,"Attend mentoring, increase activity"
STU2298,24,Female,EEE,110,222,13,7,0,0,1,291,Low,63.53,Medium Risk,No,Improve consistency
STU2299,24,Female,IT,89,445,41,9,0,0,0,181,Low,35.53,Low Risk,No,Maintain performance
STU2300,24,Female,CSE,218,517,43,7,1,0,1,85,High,41.13,Medium Risk,No,Improve consistency
STU2301,18,Male,IT,125,660,15,1,0,0,0,218,Low,62.33,Medium Risk,No,Improve consistency
STU2302,18,Female,IT,136,214,14,3,0,0,0,114,Low,57.47,Medium Risk,No,Improve consistency
STU2303,18,Female,CSE,201,390,41,0,0,0,0,35,High,38.6,Low Risk,No,Maintain performance
STU2304,18,Male,ECE,23,82,3,6,0,0,1,88,Low,83.13,High Risk,Yes,"Attend mentoring, increase activity"
STU2305,24,Male,ECE,134,525,26,3,0,0,0,137,Low,50.53,Medium Risk,No,Improve consistency
STU2306,24,Female,CSE,16,85,22,7,0,0,0,146,Low,60.67,Medium Risk,No,Improve consistency
STU2307,19,Female,IT,85,86,28,8,1,1,0,45,Low,65.87,Medium Risk,No,Improve consistency
STU2308,23,Female,CSE,266,777,40,8,0,0,1,68,High,24.53,Low Risk,No,Maintain performance
STU2309,22,Female,ECE,129,419,8,2,1,1,0,239,Low,84,High Risk,Yes,"Attend mentoring, increase activity"
STU2310,20,Male,EEE,271,623,42,4,0,0,0,133,High,20.67,Low Risk,No,Maintain performance
STU2311,24,Male,IT,144,115,42,5,1,0,0,97,Low,45.6,Medium Risk,No,Improve consistency
STU2312,20,Male,ECE,6,560,6,5,0,0,1,150,Low,85.6,High Risk,Yes,"Attend mentoring, increase activity"
STU2313,23,Female,IT,12,485,41,9,0,0,0,282,Low,45.8,Medium Risk,No,Improve consistency
STU2314,23,Female,CSE,254,284,3,7,0,0,1,60,Low,50.33,Medium Risk,No,Improve consistency
STU2315,20,Female,EEE,143,97,4,5,0,0,1,64,Low,68.53,Medium Risk,No,Improve consistency
STU2316,24,Female,CSE,128,732,4,5,0,0,0,159,Low,60.53,Medium Risk,No,Improve consistency
STU2317,20,Male,EEE,232,86,10,3,0,0,0,162,Low,47.07,Medium Risk,No,Improve consistency
STU2318,19,Male,IT,14,86,40,6,0,0,1,228,Low,62.13,Medium Risk,No,Improve consistency
STU2319,21,Female,IT,216,451,27,7,0,1,1,228,High,51,Medium Risk,No,Improve consistency
STU2320,24,Male,CSE,116,549,15,2,0,0,1,267,Low,71.53,High Risk,Yes,"Attend mentoring, increase activity"
STU2321,24,Female,EEE,12,254,40,6,0,0,0,54,Low,52.4,Medium Risk,No,Improve consistency
STU2322,22,Female,EEE,296,587,29,2,0,0,0,278,High,29.13,Low Risk,No,Maintain performance
STU2323,18,Male,IT,257,787,3,7,0,0,0,169,High,39.93,Low Risk,No,Maintain performance
STU2324,21,Female,CSE,18,391,1,0,0,1,0,287,Low,97,High Risk,Yes,"Attend mentoring, increase activity"
STU2325,23,Female,EEE,244,726,45,0,0,1,0,64,High,40.47,Medium Risk,No,Improve consistency
STU2326,24,Male,IT,246,579,2,5,0,0,0,154,High,46,Medium Risk,No,Improve consistency
STU2327,20,Female,ECE,153,722,49,9,0,0,0,244,High,22.2,Low Risk,No,Maintain performance
STU2328,21,Female,CSE,240,746,20,8,0,0,0,188,High,30,Low Risk,No,Maintain performance
STU2329,22,Male,ECE,171,151,5,3,1,0,0,217,Low,68.2,Medium Risk,No,Improve consistency
STU2330,23,Female,CSE,24,377,42,5,0,0,0,145,Low,51.6,Medium Risk,No,Improve consistency
STU2331,18,Male,IT,220,93,17,4,0,1,1,284,Low,62.47,Medium Risk,No,Improve consistency
STU2332,18,Female,EEE,139,152,43,0,0,1,0,192,Low,55.67,Medium Risk,No,Improve consistency
STU2333,22,Male,EEE,133,361,4,5,1,0,0,70,Low,69.87,Medium Risk,No,Improve consistency
STU2334,22,Male,EEE,298,554,8,8,0,0,0,72,High,29.47,Low Risk,No,Maintain performance
STU2335,20,Male,CSE,250,161,19,2,0,1,0,224,Low,51.27,Medium Risk,No,Improve consistency
STU2336,24,Female,IT,193,167,27,2,0,0,0,148,Low,44.07,Medium Risk,No,Improve consistency
STU2337,18,Male,ECE,48,455,25,1,0,0,0,143,Low,66.6,Medium Risk,No,Improve consistency
STU2338,23,Male,IT,90,662,17,3,0,0,0,43,Low,61.8,Medium Risk,No,Improve consistency
STU2339,21,Male,ECE,48,772,18,9,0,0,1,202,Low,64.8,Medium Risk,No,Improve consistency
STU2340,23,Male,CSE,149,312,2,2,0,0,0,96,Low,64.93,Medium Risk,No,Improve consistency
STU2341,19,Male,CSE,55,633,8,1,1,0,0,219,Low,85.87,High Risk,Yes,"Attend mentoring, increase activity"
STU2342,19,Female,ECE,246,665,35,0,0,0,1,90,High,46.2,Medium Risk,No,Improve consistency
STU2343,22,Female,ECE,298,459,30,2,0,0,0,199,High,28.27,Low Risk,No,Maintain performance
STU2344,20,Female,ECE,55,730,48,9,0,0,1,242,High,45.87,Medium Risk,No,Improve consistency
STU2345,19,Female,IT,270,233,16,5,0,0,0,178,Low,34.4,Low Risk,No,Maintain performance
STU2346,18,Female,ECE,124,52,22,8,1,0,0,260,Low,54.27,Medium Risk,No,Improve consistency
STU2347,23,Female,CSE,204,273,33,4,1,0,0,177,Low,45,Medium Risk,No,Improve consistency
STU2348,23,Female,CSE,252,765,40,2,1,0,1,240,High,48.4,Medium Risk,No,Improve consistency
STU2349,22,Male,EEE,74,12,40,4,1,0,0,159,Low,58.13,Medium Risk,No,Improve consistency
STU2350,24,Female,ECE,61,646,4,4,0,0,0,161,Low,71.47,High Risk,Yes,"Attend mentoring, increase activity"
STU2351,24,Male,IT,43,277,14,4,0,1,0,47,Low,77.87,High Risk,Yes,"Attend mentoring, increase activity"
STU2352,21,Male,IT,293,605,46,6,0,0,0,284,High,11.33,Low Risk,No,Maintain performance
STU2353,22,Female,IT,22,25,2,4,0,0,1,114,Low,87.87,High Risk,Yes,"Attend mentoring, increase activity"
STU2354,21,Male,EEE,224,343,18,6,1,0,0,71,Low,47.33,Medium Risk,No,Improve consistency
STU2355,24,Male,CSE,248,473,27,8,0,0,1,25,High,34.73,Low Risk,No,Maintain performance
STU2356,22,Male,IT,287,68,2,4,0,0,0,159,Low,42.53,Medium Risk,No,Improve consistency
STU2357,22,Male,CSE,78,186,37,1,1,0,1,151,Low,75.4,High Risk,Yes,"Attend mentoring, increase activity"
STU2358,22,Female,EEE,114,72,3,4,0,1,0,125,Low,75,High Risk,Yes,"Attend mentoring, increase activity"
STU2359,24,Female,ECE,184,570,23,7,1,0,1,74,High,57.67,Medium Risk,No,Improve consistency
STU2360,21,Female,ECE,36,316,30,3,0,1,0,203,Low,71.2,High Risk,Yes,"Attend mentoring, increase activity"
STU2361,21,Female,ECE,238,255,44,1,0,0,1,170,High,39.87,Low Risk,No,Maintain performance
STU2362,22,Female,IT,286,298,44,9,0,0,0,287,High,7.47,Low Risk,No,Maintain performance
STU2363,19,Female,ECE,29,341,10,2,0,1,0,48,Low,86.13,High Risk,Yes,"Attend mentoring, increase activity"
STU2364,20,Female,IT,283,536,36,8,0,0,1,178,High,24.67,Low Risk,No,Maintain performance
STU2365,24,Female,EEE,230,264,0,8,0,1,0,77,Low,53.33,Medium Risk,No,Improve consistency
STU2366,20,Female,EEE,61,613,8,7,1,1,1,16,Low,93.07,High Risk,Yes,"Attend mentoring, increase activity"
STU2367,20,Female,IT,184,519,16,7,0,1,0,94,Low,51.87,Medium Risk,No,Improve consistency
STU2368,21,Male,CSE,236,727,0,7,0,0,0,208,High,44.53,Medium Risk,No,Improve consistency
STU2369,21,Female,ECE,291,615,2,7,0,0,1,141,High,46,Medium Risk,No,Improve consistency
STU2370,19,Male,ECE,68,746,46,7,1,1,0,85,High,59.33,Medium Risk,No,Improve consistency
STU2371,20,Male,ECE,236,472,25,0,0,0,0,259,High,43.53,Medium Risk,No,Improve consistency
STU2372,20,Male,IT,293,208,30,5,0,0,1,218,High,32.93,Low Risk,No,Maintain performance
STU2373,22,Male,EEE,217,280,25,8,0,0,0,93,Low,30.07,Low Risk,No,Maintain performance
STU2374,21,Female,ECE,262,755,22,7,0,0,0,232,High,27.87,Low Risk,No,Maintain performance
STU2375,20,Male,EEE,22,567,29,2,1,0,0,262,Low,75.67,High Risk,Yes,"Attend mentoring, increase activity"
STU2376,23,Female,ECE,179,73,9,0,0,0,1,40,Low,70.73,High Risk,Yes,"Attend mentoring, increase activity"
STU2377,19,Female,ECE,233,239,7,1,0,0,1,210,Low,62.73,Medium Risk,No,Improve consistency
STU2378,23,Male,IT,230,258,43,1,1,0,1,61,High,51.53,Medium Risk,No,Improve consistency
STU2379,23,Female,CSE,88,255,24,6,0,0,0,81,Low,51.87,Medium Risk,No,Improve consistency
STU2380,24,Male,IT,295,596,21,5,0,1,0,30,High,38.07,Low Risk,No,Maintain performance
STU2381,24,Male,ECE,250,166,14,1,0,0,0,25,Low,46.27,Medium Risk,No,Improve consistency
STU2382,19,Female,ECE,114,744,40,7,0,0,0,25,High,36.8,Low Risk,No,Maintain performance
STU2383,23,Female,CSE,258,711,9,8,0,0,0,184,High,34.2,Low Risk,No,Maintain performance
STU2384,20,Male,EEE,92,573,19,6,1,0,0,87,Low,64.33,Medium Risk,No,Improve consistency
STU2385,21,Female,EEE,76,97,40,3,0,0,1,249,Low,59.87,Medium Risk,No,Improve consistency
STU2386,19,Female,ECE,34,322,46,0,0,1,1,46,Low,77.87,High Risk,Yes,"Attend mentoring, increase activity"
STU2387,22,Female,EEE,176,75,22,3,0,1,0,241,Low,57.33,Medium Risk,No,Improve consistency
STU2388,23,Male,ECE,181,671,0,3,0,1,1,222,Low,79.87,High Risk,Yes,"Attend mentoring, increase activity"
STU2389,19,Male,CSE,143,29,1,7,0,0,1,202,Low,66.33,Medium Risk,No,Improve consistency
STU2390,18,Female,CSE,198,42,18,3,0,0,0,69,Low,46.8,Medium Risk,No,Improve consistency
STU2391,18,Female,ECE,190,567,13,3,0,0,0,198,Low,50.87,Medium Risk,No,Improve consistency
STU2392,24,Female,CSE,222,82,7,1,0,0,0,276,Low,54.2,Medium Risk,No,Improve consistency
STU2393,21,Female,IT,168,352,37,9,0,0,0,135,Low,27.4,Low Risk,No,Maintain performance
STU2394,20,Female,IT,165,142,11,6,0,0,0,212,Low,49.4,Medium Risk,No,Improve consistency
STU2395,21,Male,CSE,17,64,25,3,0,0,0,41,Low,66.73,Medium Risk,No,Improve consistency
STU2396,21,Female,ECE,93,70,26,5,0,0,1,270,Low,62,Medium Risk,No,Improve consistency
STU2397,21,Male,ECE,46,529,28,2,0,0,0,103,Low,63.07,Medium Risk,No,Improve consistency
STU2398,21,Female,CSE,214,281,14,6,0,0,0,109,Low,41.07,Medium Risk,No,Improve consistency
STU2399,22,Male,EEE,233,255,45,5,0,1,0,294,High,31.93,Low Risk,No,Maintain performance
STU2400,22,Female,IT,279,185,0,2,0,0,0,34,Low,48.8,Medium Risk,No,Improve consistency
STU2401,24,Male,EEE,283,637,42,3,0,0,0,126,High,21.07,Low Risk,No,Maintain performance
STU2402,19,Female,ECE,255,326,27,9,0,0,0,208,High,21.8,Low Risk,No,Maintain performance
STU2403,18,Male,ECE,212,792,2,4,0,1,1,288,High,72.53,High Risk,Yes,"Attend mentoring, increase activity"
STU2404,21,Male,EEE,144,714,17,8,0,0,0,79,High,44.6,Medium Risk,No,Improve consistency
STU2405,24,Male,CSE,284,671,33,5,0,1,1,88,High,42.33,Medium Risk,No,Improve consistency
STU2406,19,Male,EEE,38,140,31,3,0,0,0,23,Low,60.33,Medium Risk,No,Improve consistency
STU2407,18,Male,EEE,22,111,28,6,1,1,0,38,Low,78.27,High Risk,Yes,"Attend mentoring, increase activity"
STU2408,23,Male,IT,61,319,24,1,0,0,0,153,Low,65.47,Medium Risk,No,Improve consistency
STU2409,20,Female,IT,116,791,25,3,0,0,1,19,High,63.53,Medium Risk,No,Improve consistency
STU2410,22,Male,EEE,9,301,38,4,0,0,1,56,Low,68,Medium Risk,No,Improve consistency
STU2411,23,Female,EEE,186,731,7,3,0,0,0,269,High,55,Medium Risk,No,Improve consistency
STU2412,18,Female,ECE,17,504,18,3,1,1,0,21,Low,90.93,High Risk,Yes,"Attend mentoring, increase activity"
STU2413,23,Female,IT,289,370,46,8,0,0,0,235,High,7.87,Low Risk,No,Maintain performance
STU2414,20,Female,IT,263,347,41,1,0,0,1,269,High,38.33,Low Risk,No,Maintain performance
STU2415,24,Female,ECE,94,588,21,5,0,1,0,93,Low,64.87,Medium Risk,No,Improve consistency
STU2416,18,Male,CSE,108,19,28,7,0,0,0,15,Low,44.8,Medium Risk,No,Improve consistency
STU2417,23,Male,IT,190,58,32,7,0,1,0,256,Low,41.47,Medium Risk,No,Improve consistency
STU2418,22,Male,IT,254,496,37,6,0,0,0,44,High,21.93,Low Risk,No,Maintain performance
STU2419,22,Female,CSE,259,632,44,9,0,1,1,184,High,31.07,Low Risk,No,Maintain performance
STU2420,19,Male,IT,80,330,45,3,0,0,0,74,Low,46.33,Medium Risk,No,Improve consistency
STU2421,23,Male,IT,112,740,34,6,0,0,0,156,High,42.67,Medium Risk,No,Improve consistency
STU2422,21,Male,CSE,160,578,42,9,0,0,0,66,High,25.47,Low Risk,No,Maintain performance
STU2423,23,Male,CSE,86,634,2,5,0,0,0,202,Low,67.33,Medium Risk,No,Improve consistency
STU2424,24,Male,EEE,81,142,18,5,0,0,0,22,Low,58.4,Medium Risk,No,Improve consistency
STU2425,18,Female,ECE,262,592,9,1,0,0,1,27,High,57.67,Medium Risk,No,Improve consistency
STU2426,18,Male,ECE,131,92,26,7,1,1,0,255,Low,62.93,Medium Risk,No,Improve consistency
STU2427,24,Female,CSE,286,66,14,7,1,1,0,172,Low,49.47,Medium Risk,No,Improve consistency
STU2428,23,Female,CSE,92,385,10,6,0,1,0,123,Low,69.73,Medium Risk,No,Improve consistency
STU2429,24,Female,IT,208,358,46,8,0,1,1,291,High,38.67,Low Risk,No,Maintain performance
STU2430,20,Female,EEE,20,280,25,7,1,1,0,242,Low,78.33,High Risk,Yes,"Attend mentoring, increase activity"
STU2431,24,Female,EEE,155,492,23,8,0,1,1,175,Low,59.53,Medium Risk,No,Improve consistency
STU2432,22,Male,CSE,258,120,12,8,0,1,0,35,Low,42.4,Medium Risk,No,Improve consistency
STU2433,24,Male,IT,192,85,31,5,0,0,1,135,Low,45.8,Medium Risk,No,Improve consistency
STU2434,18,Male,IT,36,167,36,1,0,1,0,290,Low,71.6,High Risk,Yes,"Attend mentoring, increase activity"
STU2435,22,Female,ECE,275,541,3,6,0,1,0,295,High,49.53,Medium Risk,No,Improve consistency
STU2436,18,Male,ECE,9,652,12,2,0,0,0,292,Low,77.6,High Risk,Yes,"Attend mentoring, increase activity"
STU2437,19,Male,IT,173,338,8,6,0,0,1,148,Low,60.13,Medium Risk,No,Improve consistency
STU2438,21,Female,ECE,185,131,48,8,0,0,1,110,Low,30.53,Low Risk,No,Maintain performance
STU2439,18,Female,CSE,182,50,33,9,0,1,1,20,Low,47.93,Medium Risk,No,Improve consistency
STU2440,22,Female,IT,147,176,36,9,0,1,1,225,Low,50.8,Medium Risk,No,Improve consistency
STU2441,19,Female,ECE,252,651,47,1,0,0,0,39,High,26.2,Low Risk,No,Maintain performance
STU2442,18,Male,EEE,131,32,6,5,0,0,0,103,Low,58.93,Medium Risk,No,Improve consistency
STU2443,20,Female,IT,267,288,0,5,1,0,1,125,Low,64.4,Medium Risk,No,Improve consistency
STU2444,24,Female,IT,44,772,11,8,1,0,1,280,Low,81.53,High Risk,Yes,"Attend mentoring, increase activity"
STU2445,21,Male,EEE,259,478,20,8,1,0,0,48,High,37.47,Low Risk,No,Maintain performance
STU2446,18,Male,CSE,147,409,10,4,0,0,0,33,Low,56.4,Medium Risk,No,Improve consistency
STU2447,19,Female,EEE,244,18,43,4,0,1,0,273,Low,33.67,Low Risk,No,Maintain performance
STU2448,20,Male,IT,232,22,43,8,0,0,0,52,Low,17.27,Low Risk,No,Maintain performance
STU2449,23,Female,CSE,202,61,43,7,0,0,0,179,Low,23.27,Low Risk,No,Maintain performance
STU2450,19,Female,ECE,69,218,13,6,0,1,0,178,Low,71,High Risk,Yes,"Attend mentoring, increase activity"
STU2451,24,Male,ECE,15,559,33,7,0,0,0,35,Low,54.2,Medium Risk,No,Improve consistency
STU2452,19,Male,ECE,112,621,33,5,0,0,1,189,Low,55.27,Medium Risk,No,Improve consistency
STU2453,20,Female,IT,30,714,24,2,0,0,1,159,Low,77.6,High Risk,Yes,"Attend mentoring, increase activity"
STU2454,19,Female,EEE,155,411,3,6,0,0,1,142,Low,65.53,Medium Risk,No,Improve consistency
STU2455,20,Female,CSE,225,200,25,7,0,1,1,152,Low,51,Medium Risk,No,Improve consistency
STU2456,18,Male,ECE,241,60,15,7,0,1,0,173,Low,44.87,Medium Risk,No,Improve consistency
STU2457,20,Female,CSE,241,402,9,0,0,0,1,110,Low,62.47,Medium Risk,No,Improve consistency
STU2458,20,Female,IT,223,662,44,6,1,0,0,72,High,31.87,Low Risk,No,Maintain performance
STU2459,21,Female,ECE,155,689,1,2,0,0,1,102,Low,74.73,High Risk,Yes,"Attend mentoring, increase activity"
STU2460,20,Female,IT,127,630,34,1,0,0,0,216,High,50.67,Medium Risk,No,Improve consistency
STU2461,20,Female,EEE,148,728,18,1,0,1,1,81,High,77.47,High Risk,Yes,"Attend mentoring, increase activity"
STU2462,23,Male,IT,193,309,5,7,1,0,0,69,Low,57.27,Medium Risk,No,Improve consistency
STU2463,18,Female,IT,259,631,18,8,0,0,0,38,High,28.67,Low Risk,No,Maintain performance
STU2464,24,Female,EEE,72,205,7,2,0,1,0,28,Low,82.2,High Risk,Yes,"Attend mentoring, increase activity"
STU2465,21,Female,CSE,108,426,13,2,1,1,0,82,Low,83.8,High Risk,Yes,"Attend mentoring, increase activity"
STU2466,23,Female,EEE,163,673,9,5,0,0,0,255,Low,52.87,Medium Risk,No,Improve consistency
STU2467,22,Male,EEE,94,429,2,9,0,1,0,96,Low,68.27,Medium Risk,No,Improve consistency
STU2468,18,Male,IT,260,764,37,0,0,0,1,192,High,43.13,Medium Risk,No,Improve consistency
STU2469,18,Male,CSE,224,649,28,5,0,0,0,206,High,33.33,Low Risk,No,Maintain performance
STU2470,22,Female,ECE,13,626,14,2,0,0,0,253,Low,75.87,High Risk,Yes,"Attend mentoring, increase activity"
STU2471,24,Female,EEE,16,531,22,3,0,0,0,127,Low,68.67,Medium Risk,No,Improve consistency
STU2472,20,Male,CSE,248,365,22,8,0,0,0,91,High,27.73,Low Risk,No,Maintain performance
STU2473,23,Male,EEE,186,157,17,2,0,0,0,256,Low,51,Medium Risk,No,Improve consistency
STU2474,19,Male,EEE,288,374,45,0,0,0,0,243,High,24.6,Low Risk,No,Maintain performance
STU2475,21,Female,EEE,103,373,18,2,0,0,1,162,Low,71.47,High Risk,Yes,"Attend mentoring, increase activity"
STU2476,19,Female,EEE,201,661,27,6,0,0,0,281,High,35,Low Risk,No,Maintain performance
STU2477,22,Male,IT,230,711,25,6,0,0,1,44,High,42.33,Medium Risk,No,Improve consistency
STU2478,18,Male,CSE,107,411,9,4,0,0,1,222,Low,72.33,High Risk,Yes,"Attend mentoring, increase activity"
STU2479,24,Male,CSE,110,615,46,0,0,0,1,220,High,57.73,Medium Risk,No,Improve consistency
STU2480,18,Female,CSE,62,501,3,7,0,0,0,148,Low,65.93,Medium Risk,No,Improve consistency
STU2481,21,Female,EEE,82,238,1,9,0,1,0,198,Low,70.47,High Risk,Yes,"Attend mentoring, increase activity"
STU2482,18,Female,IT,79,584,2,7,0,0,0,261,Low,64.27,Medium Risk,No,Improve consistency
STU2483,18,Male,EEE,46,546,6,9,1,0,1,159,Low,82.27,High Risk,Yes,"Attend mentoring, increase activity"
STU2484,21,Male,EEE,185,277,15,9,0,0,0,228,Low,38.33,Low Risk,No,Maintain performance
STU2485,23,Female,CSE,37,414,30,9,0,1,1,91,Low,69.07,Medium Risk,No,Improve consistency
STU2486,23,Male,EEE,75,20,9,1,0,1,0,199,Low,82.6,High Risk,Yes,"Attend mentoring, increase activity"
STU2487,21,Female,ECE,60,329,18,9,0,0,0,243,Low,53.2,Medium Risk,No,Improve consistency
STU2488,24,Male,EEE,109,722,27,2,0,0,0,185,High,55.27,Medium Risk,No,Improve consistency
STU2489,22,Male,ECE,204,135,16,3,0,0,0,241,Low,47.2,Medium Risk,No,Improve consistency
STU2490,18,Male,EEE,105,315,27,0,0,1,1,72,Low,79.8,High Risk,Yes,"Attend mentoring, increase activity"
STU2491,24,Male,IT,260,711,18,3,0,0,0,246,High,38.53,Low Risk,No,Maintain performance
STU2492,18,Female,IT,78,520,36,4,0,1,0,42,Low,60,Medium Risk,No,Improve consistency
STU2493,22,Male,CSE,175,98,22,2,0,0,0,222,Low,49.47,Medium Risk,No,Improve consistency
STU2494,23,Female,EEE,147,364,19,9,0,0,0,69,Low,41,Medium Risk,No,Improve consistency
STU2495,24,Female,ECE,170,637,12,1,0,1,0,11,Low,68.13,Medium Risk,No,Improve consistency
STU2496,20,Female,ECE,265,361,12,5,0,1,0,66,Low,47.47,Medium Risk,No,Improve consistency
STU2497,20,Male,EEE,225,698,42,7,0,0,0,296,High,20.8,Low Risk,No,Maintain performance
STU2498,20,Female,ECE,87,23,10,6,0,0,0,147,Low,60.4,Medium Risk,No,Improve consistency
STU2499,23,Female,IT,186,266,47,0,1,0,0,288,Low,47,Medium Risk,No,Improve consistency
STU2500,23,Female,ECE,14,218,14,3,0,0,0,223,Low,73.73,High Risk,Yes,"Attend mentoring, increase activity"
STU2501,22,Male,CSE,8,290,16,2,0,0,0,248,Low,75.33,High Risk,Yes,"Attend mentoring, increase activity"
STU2502,18,Male,IT,296,452,49,5,0,0,1,294,High,21.13,Low Risk,No,Maintain performance
STU2503,22,Female,IT,285,398,27,8,0,0,1,40,High,29.8,Low Risk,No,Maintain performance
STU2504,22,Male,IT,219,626,18,8,0,0,1,215,High,44,Medium Risk,No,Improve consistency
STU2505,23,Female,EEE,102,492,3,6,0,0,1,283,Low,72.6,High Risk,Yes,"Attend mentoring, increase activity"
STU2506,20,Female,EEE,105,156,21,8,0,0,0,20,Low,47.4,Medium Risk,No,Improve consistency
STU2507,19,Male,IT,13,288,21,7,1,0,0,56,Low,71.67,High Risk,Yes,"Attend mentoring, increase activity"
STU2508,18,Female,EEE,65,530,36,4,0,0,0,12,Low,51.73,Medium Risk,No,Improve consistency
STU2509,23,Male,ECE,150,639,38,8,1,0,0,139,High,41.2,Medium Risk,No,Improve consistency
STU2510,20,Male,EEE,67,615,33,6,0,0,0,81,Low,49.27,Medium Risk,No,Improve consistency
STU2511,24,Female,EEE,125,443,32,4,0,0,1,168,Low,56.13,Medium Risk,No,Improve consistency
STU2512,19,Male,IT,230,153,43,7,0,0,0,139,Low,19.53,Low Risk,No,Maintain performance
STU2513,19,Male,CSE,109,298,41,6,0,0,0,31,Low,38.87,Low Risk,No,Maintain performance
STU2514,23,Female,CSE,264,395,39,8,0,0,0,144,High,15.4,Low Risk,No,Maintain performance
STU2515,21,Female,CSE,259,23,32,9,0,0,0,29,Low,18.27,Low Risk,No,Maintain performance
STU2516,18,Male,ECE,211,266,11,0,1,1,0,229,Low,75.27,High Risk,Yes,"Attend mentoring, increase activity"
STU2517,19,Male,EEE,32,355,1,8,1,1,1,139,Low,99.13,High Risk,Yes,"Attend mentoring, increase activity"
STU2518,23,Female,CSE,174,707,27,6,0,0,0,41,High,38.6,Low Risk,No,Maintain performance
STU2519,23,Male,IT,80,354,9,0,0,0,1,99,Low,83.93,High Risk,Yes,"Attend mentoring, increase activity"
STU2520,20,Male,CSE,120,409,21,0,0,0,1,268,Low,71.4,High Risk,Yes,"Attend mentoring, increase activity"
STU2521,24,Male,CSE,73,216,16,4,0,0,0,258,Low,62.67,Medium Risk,No,Improve consistency
STU2522,21,Male,EEE,238,181,25,7,0,0,0,182,Low,29.27,Low Risk,No,Maintain performance
STU2523,18,Male,EEE,5,473,2,8,1,0,1,56,Low,92.13,High Risk,Yes,"Attend mentoring, increase activity"
STU2524,22,Male,EEE,171,279,6,5,0,0,0,206,Low,53.6,Medium Risk,No,Improve consistency
STU2525,24,Male,ECE,222,230,43,9,0,1,0,43,Low,26.6,Low Risk,No,Maintain performance
STU2526,24,Female,ECE,277,161,7,7,0,0,1,263,Low,44.87,Medium Risk,No,Improve consistency
STU2527,20,Female,CSE,255,632,19,5,0,0,0,257,High,34.6,Low Risk,No,Maintain performance
STU2528,19,Female,EEE,178,192,11,5,0,1,0,51,Low,59.67,Medium Risk,No,Improve consistency
STU2529,19,Female,CSE,174,408,34,3,0,0,0,298,Low,40.4,Medium Risk,No,Improve consistency
STU2530,20,Female,IT,250,81,16,4,1,0,0,132,Low,49.07,Medium Risk,No,Improve consistency
STU2531,23,Male,IT,94,427,27,1,0,0,0,36,Low,59.27,Medium Risk,No,Improve consistency
STU2532,19,Male,EEE,53,292,40,2,0,0,0,68,Low,54.93,Medium Risk,No,Improve consistency
STU2533,21,Male,EEE,298,83,9,2,0,0,0,156,Low,40.87,Medium Risk,No,Improve consistency
STU2534,18,Male,IT,154,364,21,4,1,0,0,124,Low,58.87,Medium Risk,No,Improve consistency
STU2535,24,Female,EEE,136,736,37,4,1,0,1,208,High,61.67,Medium Risk,No,Improve consistency
STU2536,24,Male,ECE,63,506,32,5,0,0,1,137,Low,62.4,Medium Risk,No,Improve consistency
STU2537,21,Male,ECE,203,337,21,4,0,1,0,162,Low,52.33,Medium Risk,No,Improve consistency
STU2538,19,Female,EEE,219,544,43,5,1,0,0,280,High,35,Low Risk,No,Maintain performance
STU2539,24,Male,IT,53,589,36,7,0,0,0,92,Low,47.33,Medium Risk,No,Improve consistency
STU2540,22,Male,CSE,236,456,12,1,0,1,0,32,Low,59.33,Medium Risk,No,Improve consistency
STU2541,18,Female,EEE,251,382,26,3,0,0,1,20,High,44.93,Medium Risk,No,Improve consistency
STU2542,18,Male,EEE,243,371,14,5,0,0,0,196,Low,39.2,Low Risk,No,Maintain performance
STU2543,24,Male,CSE,172,102,21,4,1,0,0,125,Low,56.47,Medium Risk,No,Improve consistency
STU2544,20,Male,EEE,52,330,29,0,0,0,0,171,Low,65.67,Medium Risk,No,Improve consistency
STU2545,24,Male,CSE,55,333,42,8,0,0,1,112,Low,51.47,Medium Risk,No,Improve consistency
STU2546,20,Male,IT,102,393,39,2,0,0,1,252,Low,59,Medium Risk,No,Improve consistency
STU2547,24,Female,ECE,220,584,36,1,0,1,0,16,High,47.07,Medium Risk,No,Improve consistency
STU2548,22,Female,IT,181,745,33,8,0,0,0,181,High,30.07,Low Risk,No,Maintain performance
STU2549,23,Female,ECE,84,746,43,6,0,0,0,265,High,41,Medium Risk,No,Improve consistency
STU2550,18,Female,CSE,189,355,33,4,0,0,0,256,Low,37,Low Risk,No,Maintain performance
STU2551,24,Female,ECE,31,112,47,5,0,0,0,201,Low,47.67,Medium Risk,No,Improve consistency
STU2552,22,Female,IT,199,224,34,3,1,0,1,123,Low,57.07,Medium Risk,No,Improve consistency
STU2553,20,Male,ECE,218,201,41,0,1,0,0,32,Low,46.33,Medium Risk,No,Improve consistency
STU2554,20,Female,CSE,118,681,18,3,1,0,1,285,Low,77.47,High Risk,Yes,"Attend mentoring, increase activity"
STU2555,18,Female,ECE,246,728,7,8,0,0,1,145,High,47,Medium Risk,No,Improve consistency
STU2556,21,Male,EEE,128,790,38,0,0,1,0,204,High,60.13,Medium Risk,No,Improve consistency
STU2557,24,Male,IT,80,203,32,9,1,1,0,267,Low,62.13,Medium Risk,No,Improve consistency
STU2558,19,Female,EEE,200,389,43,2,0,0,1,287,High,43.53,Medium Risk,No,Improve consistency
STU2559,20,Male,CSE,48,412,27,4,0,0,0,79,Low,59.4,Medium Risk,No,Improve consistency
STU2560,23,Female,ECE,190,673,36,6,0,0,0,45,High,31.07,Low Risk,No,Maintain performance
STU2561,23,Male,EEE,250,758,47,8,1,1,0,117,High,32.47,Low Risk,No,Maintain performance
STU2562,20,Female,EEE,88,609,24,5,0,0,0,33,Low,53.87,Medium Risk,No,Improve consistency
STU2563,21,Male,ECE,211,20,35,2,0,0,0,149,Low,36.87,Low Risk,No,Maintain performance
STU2564,21,Male,ECE,155,196,16,6,0,1,0,31,Low,57.73,Medium Risk,No,Improve consistency
STU2565,22,Female,IT,160,735,23,3,0,0,0,213,High,48.87,Medium Risk,No,Improve consistency
STU2566,23,Female,EEE,20,24,20,2,1,1,0,233,Low,91.33,High Risk,Yes,"Attend mentoring, increase activity"
STU2567,22,Female,EEE,169,787,1,6,0,0,0,232,High,54.87,Medium Risk,No,Improve consistency
STU2568,23,Female,CSE,149,306,30,6,0,0,0,90,Low,40.13,Medium Risk,No,Improve consistency
STU2569,24,Female,IT,41,420,43,3,1,0,0,200,Low,62.73,Medium Risk,No,Improve consistency
STU2570,24,Male,CSE,49,594,32,6,0,1,0,295,Low,62.27,Medium Risk,No,Improve consistency
STU2571,19,Female,EEE,210,61,29,1,0,0,0,156,Low,42.6,Medium Risk,No,Improve consistency
STU2572,24,Female,CSE,66,649,11,0,0,0,1,291,Low,84.6,High Risk,Yes,"Attend mentoring, increase activity"
STU2573,19,Male,EEE,23,37,43,1,0,0,1,20,Low,69.13,Medium Risk,No,Improve consistency
STU2574,24,Male,EEE,11,586,11,3,1,1,1,285,Low,105.93,High Risk,Yes,"Attend mentoring, increase activity"
STU2575,18,Female,CSE,253,26,48,7,0,0,1,65,Low,23.47,Low Risk,No,Maintain performance
STU2576,24,Male,CSE,121,360,23,2,1,0,0,182,Low,66.07,Medium Risk,No,Improve consistency
STU2577,22,Male,ECE,72,437,23,9,0,1,0,213,Low,58.6,Medium Risk,No,Improve consistency
STU2578,20,Female,ECE,38,659,10,5,0,1,0,257,Low,78.93,High Risk,Yes,"Attend mentoring, increase activity"
STU2579,22,Male,ECE,198,238,12,5,0,0,1,275,Low,56.4,Medium Risk,No,Improve consistency
STU2580,20,Male,EEE,59,775,26,8,0,0,1,31,Low,60.53,Medium Risk,No,Improve consistency
STU2581,21,Female,CSE,270,219,7,8,0,0,0,33,Low,33.8,Low Risk,No,Maintain performance
STU2582,22,Female,IT,46,440,9,3,0,0,0,203,Low,72.47,High Risk,Yes,"Attend mentoring, increase activity"
STU2583,21,Male,EEE,235,303,7,8,0,0,0,105,Low,38.47,Low Risk,No,Maintain performance
STU2584,19,Male,IT,14,752,19,5,0,0,0,272,Low,66.73,Medium Risk,No,Improve consistency
STU2585,19,Female,CSE,132,762,7,1,0,0,0,81,Low,66.2,Medium Risk,No,Improve consistency
STU2586,18,Male,EEE,183,591,8,9,0,0,1,252,Low,52.8,Medium Risk,No,Improve consistency
STU2587,24,Male,IT,197,113,6,5,0,0,0,47,Low,50.13,Medium Risk,No,Improve consistency
STU2588,22,Male,IT,96,213,13,1,0,0,1,98,Low,77.4,High Risk,Yes,"Attend mentoring, increase activity"
STU2589,21,Female,ECE,235,62,27,7,1,0,0,37,Low,38.47,Low Risk,No,Maintain performance
STU2590,20,Male,ECE,82,384,1,3,0,1,0,101,Low,82.47,High Risk,Yes,"Attend mentoring, increase activity"
STU2591,19,Male,ECE,89,63,42,4,0,0,1,63,Low,54.93,Medium Risk,No,Improve consistency
STU2592,24,Female,EEE,34,285,7,7,0,0,0,168,Low,67.27,Medium Risk,No,Improve consistency
STU2593,19,Male,CSE,217,344,12,7,0,0,0,237,Low,39.87,Low Risk,No,Maintain performance
STU2594,20,Male,CSE,53,40,20,5,1,0,1,50,Low,80.93,High Risk,Yes,"Attend mentoring, increase activity"
STU2595,24,Female,ECE,269,144,46,3,0,1,1,46,High,40.53,Medium Risk,No,Improve consistency
STU2596,24,Female,ECE,149,67,27,0,1,0,0,134,Low,63.93,Medium Risk,No,Improve consistency
STU2597,21,Female,ECE,73,114,34,6,0,0,0,188,Low,47.87,Medium Risk,No,Improve consistency
STU2598,21,Female,IT,62,275,22,7,1,0,0,46,Low,64.53,Medium Risk,No,Improve consistency
STU2599,22,Male,ECE,189,531,45,8,0,1,1,110,High,41.8,Medium Risk,No,Improve consistency
STU2600,22,Male,IT,66,505,14,1,0,0,1,40,Low,80.8,High Risk,Yes,"Attend mentoring, increase activity"
STU2601,23,Female,CSE,170,262,1,0,0,0,0,199,Low,66.73,Medium Risk,No,Improve consistency
STU2602,23,Female,EEE,175,304,11,3,0,0,0,155,Low,54.07,Medium Risk,No,Improve consistency
STU2603,18,Male,EEE,67,677,35,4,0,0,1,99,Low,62.07,Medium Risk,No,Improve consistency
STU2604,19,Female,EEE,151,167,2,9,0,0,0,15,Low,50.67,Medium Risk,No,Improve consistency
STU2605,22,Male,EEE,165,558,4,0,0,0,0,148,Low,65.6,Medium Risk,No,Improve consistency
STU2606,21,Female,IT,145,640,2,4,0,0,0,104,Low,61.47,Medium Risk,No,Improve consistency
STU2607,20,Male,IT,101,76,46,5,0,0,0,128,Low,38.93,Low Risk,No,Maintain performance
STU2608,21,Female,ECE,225,763,18,2,1,0,0,129,High,55.2,Medium Risk,No,Improve consistency
STU2609,19,Female,IT,47,308,1,6,0,0,0,132,Low,71.13,High Risk,Yes,"Attend mentoring, increase activity"
STU2610,23,Male,ECE,296,472,43,5,0,0,0,294,High,14.73,Low Risk,No,Maintain performance
STU2611,21,Female,ECE,112,734,36,3,1,0,1,188,High,67.47,Medium Risk,No,Improve consistency
STU2612,18,Male,EEE,270,110,16,2,0,0,0,16,Low,40.4,Medium Risk,No,Improve consistency
STU2613,19,Male,IT,99,65,13,4,0,1,0,136,Low,71,High Risk,Yes,"Attend mentoring, increase activity"
STU2614,23,Male,IT,266,341,27,2,0,0,1,86,High,44.33,Medium Risk,No,Improve consistency
STU2615,20,Male,ECE,75,760,26,9,1,0,1,243,Low,66.4,Medium Risk,No,Improve consistency
STU2616,23,Male,ECE,223,402,9,8,0,0,0,83,Low,38.87,Low Risk,No,Maintain performance
STU2617,24,Female,CSE,25,752,2,8,0,0,0,280,Low,69.47,Medium Risk,No,Improve consistency
STU2618,18,Female,CSE,96,390,35,5,0,0,0,129,Low,46.2,Medium Risk,No,Improve consistency
STU2619,19,Male,ECE,131,101,37,5,0,0,0,44,Low,40.33,Medium Risk,No,Improve consistency
STU2620,20,Female,CSE,84,456,24,3,0,0,0,216,Low,58.4,Medium Risk,No,Improve consistency
STU2621,18,Male,CSE,242,118,21,3,0,1,0,279,Low,49.13,Medium Risk,No,Improve consistency
STU2622,23,Female,ECE,186,326,47,1,0,0,0,102,Low,35,Low Risk,No,Maintain performance
STU2623,18,Female,ECE,29,177,38,9,1,0,1,186,Low,65.33,Medium Risk,No,Improve consistency
STU2624,19,Female,IT,160,444,46,3,0,1,0,283,High,45.07,Medium Risk,No,Improve consistency
STU2625,22,Female,ECE,9,451,29,7,0,0,0,188,Low,57.4,Medium Risk,No,Improve consistency
STU2626,18,Male,ECE,124,227,20,9,0,1,0,138,Low,53.47,Medium Risk,No,Improve consistency
STU2627,24,Male,EEE,281,231,29,1,0,0,0,134,High,33.13,Low Risk,No,Maintain performance
STU2628,18,Female,IT,22,682,27,8,0,0,0,36,Low,54.87,Medium Risk,No,Improve consistency
STU2629,23,Female,IT,202,537,30,0,0,0,1,73,High,55.07,Medium Risk,No,Improve consistency
STU2630,23,Male,IT,61,287,25,1,0,1,1,69,Low,84.87,High Risk,Yes,"Attend mentoring, increase activity"
STU2631,20,Female,EEE,97,578,42,1,0,1,1,228,Low,69.87,Medium Risk,No,Improve consistency
STU2632,23,Male,ECE,23,583,21,5,1,0,0,226,Low,74.33,High Risk,Yes,"Attend mentoring, increase activity"
STU2633,21,Male,IT,197,475,20,6,0,0,0,178,Low,39.73,Low Risk,No,Maintain performance
STU2634,19,Male,IT,241,763,0,2,0,0,0,158,High,53.87,Medium Risk,No,Improve consistency
STU2635,19,Female,CSE,281,611,36,8,0,0,0,279,High,14.93,Low Risk,No,Maintain performance
STU2636,22,Male,IT,231,593,12,4,0,1,1,125,High,64,Medium Risk,No,Improve consistency
STU2637,22,Female,ECE,237,39,20,4,0,0,1,254,Low,48.4,Medium Risk,No,Improve consistency
STU2638,19,Male,ECE,44,368,45,3,1,0,1,157,Low,71.13,High Risk,Yes,"Attend mentoring, increase activity"
STU2639,24,Female,CSE,157,297,8,8,0,1,1,101,Low,68.27,Medium Risk,No,Improve consistency
STU2640,22,Female,IT,131,95,16,7,0,1,1,94,Low,68.93,Medium Risk,No,Improve consistency
STU2641,20,Female,IT,241,243,46,3,0,0,0,96,High,24.27,Low Risk,No,Maintain performance
STU2642,23,Male,IT,59,756,20,3,0,0,1,129,Low,74.13,High Risk,Yes,"Attend mentoring, increase activity"
STU2643,19,Male,EEE,176,322,30,1,0,1,0,33,Low,56.53,Medium Risk,No,Improve consistency
STU2644,22,Female,IT,113,374,38,8,0,0,1,98,Low,46.13,Medium Risk,No,Improve consistency
STU2645,19,Female,ECE,188,786,21,2,0,0,0,46,High,48.33,Medium Risk,No,Improve consistency
STU2646,21,Female,ECE,202,278,11,3,0,0,0,280,Low,50.47,Medium Risk,No,Improve consistency
STU2647,18,Male,EEE,91,707,5,6,0,1,1,21,Low,82.87,High Risk,Yes,"Attend mentoring, increase activity"
STU2648,23,Male,EEE,205,140,15,9,0,0,0,104,Low,35.67,Low Risk,No,Maintain performance
STU2649,19,Male,IT,279,798,25,7,0,0,1,40,High,33.8,Low Risk,No,Maintain performance
STU2650,18,Male,CSE,215,360,4,7,0,0,0,242,Low,44.93,Medium Risk,No,Improve consistency
STU2651,22,Female,EEE,122,189,8,3,0,1,0,295,Low,72.93,High Risk,Yes,"Attend mentoring, increase activity"
STU2652,18,Female,EEE,195,489,45,6,0,0,0,44,High,25,Low Risk,No,Maintain performance
STU2653,23,Male,IT,46,172,39,9,1,1,0,30,Low,62.47,Medium Risk,No,Improve consistency
STU2654,19,Male,IT,46,792,13,0,0,0,0,120,Low,76.07,High Risk,Yes,"Attend mentoring, increase activity"
STU2655,21,Female,EEE,280,105,43,5,0,1,0,154,Low,26.87,Low Risk,No,Maintain performance
STU2656,24,Male,CSE,21,783,41,5,0,1,0,21,Low,62.6,Medium Risk,No,Improve consistency
STU2657,22,Male,EEE,287,519,29,5,0,1,0,253,High,34.33,Low Risk,No,Maintain performance
STU2658,19,Male,IT,262,374,25,1,0,1,0,155,High,48.07,Medium Risk,No,Improve consistency
STU2659,23,Male,IT,67,362,44,7,0,0,0,248,Low,40.67,Medium Risk,No,Improve consistency
STU2660,22,Male,EEE,66,445,28,4,1,0,1,101,Low,76.4,High Risk,Yes,"Attend mentoring, increase activity"
STU2661,20,Male,CSE,104,92,18,4,1,1,0,124,Low,77.33,High Risk,Yes,"Attend mentoring, increase activity"
STU2662,18,Female,EEE,23,234,46,1,1,1,0,24,Low,77.33,High Risk,Yes,"Attend mentoring, increase activity"
STU2663,24,Male,EEE,21,421,7,3,0,0,0,281,Low,77,High Risk,Yes,"Attend mentoring, increase activity"
STU2664,23,Male,IT,250,744,22,8,1,0,0,31,High,37.47,Low Risk,No,Maintain performance
STU2665,20,Female,CSE,255,127,41,8,0,0,0,127,Low,15.4,Low Risk,No,Maintain performance
STU2666,19,Female,ECE,85,491,34,5,0,0,0,104,Low,48.27,Medium Risk,No,Improve consistency
STU2667,21,Female,CSE,43,201,30,8,0,0,0,266,Low,50.27,Medium Risk,No,Improve consistency
STU2668,22,Male,EEE,40,600,34,3,0,1,0,271,Low,68.27,Medium Risk,No,Improve consistency
STU2669,18,Female,EEE,201,599,31,0,0,0,0,96,High,44.6,Medium Risk,No,Improve consistency
STU2670,22,Male,EEE,162,668,4,1,0,0,1,67,Low,74,High Risk,Yes,"Attend mentoring, increase activity"
STU2671,24,Male,CSE,208,116,15,0,0,0,0,239,Low,53.27,Medium Risk,No,Improve consistency
STU2672,19,Male,IT,200,391,16,7,1,0,0,117,Low,49.73,Medium Risk,No,Improve consistency
STU2673,22,Female,EEE,220,792,31,8,0,0,0,28,High,26.07,Low Risk,No,Maintain performance
STU2674,18,Female,EEE,289,399,37,9,0,0,0,150,High,11.27,Low Risk,No,Maintain performance
STU2675,19,Female,CSE,200,253,31,5,0,0,0,169,Low,34.73,Low Risk,No,Maintain performance
STU2676,22,Female,ECE,156,594,19,1,1,0,0,109,Low,65.8,Medium Risk,No,Improve consistency
STU2677,21,Female,ECE,18,477,47,5,0,0,0,274,Low,49.4,Medium Risk,No,Improve consistency
STU2678,23,Male,IT,150,547,1,8,0,0,0,247,Low,53.4,Medium Risk,No,Improve consistency
STU2679,19,Male,IT,61,219,19,2,1,0,0,247,Low,76.47,High Risk,Yes,"Attend mentoring, increase activity"
STU2680,23,Male,EEE,215,613,46,8,0,0,0,58,High,17.73,Low Risk,No,Maintain performance
STU2681,19,Male,CSE,272,646,17,1,0,1,0,174,High,51.53,Medium Risk,No,Improve consistency
STU2682,21,Female,EEE,214,82,0,4,0,0,0,296,Low,53.47,Medium Risk,No,Improve consistency
STU2683,23,Female,IT,21,644,28,1,0,0,0,68,Low,68.4,Medium Risk,No,Improve consistency
STU2684,20,Male,CSE,290,318,28,6,1,0,0,192,High,32.53,Low Risk,No,Maintain performance
STU2685,18,Female,CSE,207,705,18,9,0,1,1,156,High,53.6,Medium Risk,No,Improve consistency
STU2686,20,Female,IT,103,708,43,8,1,0,1,105,High,54.47,Medium Risk,No,Improve consistency
STU2687,22,Male,ECE,283,719,39,6,1,0,0,52,High,26.87,Low Risk,No,Maintain performance
STU2688,21,Male,ECE,213,599,5,4,0,0,1,266,High,60.6,Medium Risk,No,Improve consistency
STU2689,20,Female,CSE,133,195,43,3,0,0,0,222,Low,40.47,Medium Risk,No,Improve consistency
STU2690,19,Female,EEE,292,262,38,3,1,0,0,198,High,32.27,Low Risk,No,Maintain performance
STU2691,22,Male,ECE,256,22,49,9,0,0,0,140,Low,8.47,Low Risk,No,Maintain performance
STU2692,22,Male,EEE,269,308,45,7,0,1,0,298,High,23.13,Low Risk,No,Maintain performance
STU2693,20,Male,ECE,275,85,7,9,0,0,0,146,Low,31.13,Low Risk,No,Maintain performance
STU2694,20,Female,ECE,192,60,23,9,0,0,0,39,Low,32.6,Low Risk,No,Maintain performance
STU2695,21,Male,EEE,218,796,19,9,1,0,0,155,High,41.53,Medium Risk,No,Improve consistency
STU2696,18,Male,IT,287,158,13,9,0,1,1,114,Low,45.93,Medium Risk,No,Improve consistency
STU2697,20,Female,ECE,215,740,4,9,0,0,0,296,High,40.93,Medium Risk,No,Improve consistency
STU2698,24,Female,ECE,80,131,40,0,1,0,1,200,Low,75.33,High Risk,Yes,"Attend mentoring, increase activity"
STU2699,20,Female,EEE,152,220,39,4,1,0,0,187,Low,48.33,Medium Risk,No,Improve consistency
STU2700,23,Female,IT,217,289,33,1,0,0,0,248,Low,39.27,Low Risk,No,Maintain performance
STU2701,19,Female,ECE,113,547,15,8,1,1,0,10,Low,69.93,Medium Risk,No,Improve consistency
STU2702,24,Male,ECE,133,694,44,6,0,1,0,119,High,43.87,Medium Risk,No,Improve consistency
STU2703,24,Male,IT,14,165,6,9,0,0,0,284,Low,66.53,Medium Risk,No,Improve consistency
STU2704,23,Female,ECE,51,247,15,7,1,0,0,243,Low,70.2,High Risk,Yes,"Attend mentoring, increase activity"
STU2705,23,Female,IT,100,385,6,5,0,0,0,73,Low,63.07,Medium Risk,No,Improve consistency
STU2706,22,Female,IT,107,91,26,8,0,0,0,253,Low,44.13,Medium Risk,No,Improve consistency
STU2707,18,Female,EEE,150,501,13,5,0,0,0,62,Low,52.2,Medium Risk,No,Improve consistency
STU2708,19,Female,CSE,31,365,13,6,0,0,0,271,Low,66.07,Medium Risk,No,Improve consistency
STU2709,21,Male,IT,224,282,43,6,1,0,1,26,High,42.33,Medium Risk,No,Improve consistency
STU2710,24,Male,EEE,22,589,32,8,0,1,0,243,Low,61.87,Medium Risk,No,Improve consistency
STU2711,21,Male,CSE,171,53,32,7,0,0,1,82,Low,44,Medium Risk,No,Improve consistency
STU2712,20,Male,ECE,86,582,43,0,0,1,0,100,Low,62.73,Medium Risk,No,Improve consistency
STU2713,20,Female,CSE,76,132,19,3,1,1,0,15,Low,82.47,High Risk,Yes,"Attend mentoring, increase activity"
STU2714,21,Male,IT,258,358,46,6,0,0,0,207,High,16,Low Risk,No,Maintain performance
STU2715,20,Female,IT,166,717,35,7,0,0,0,205,High,32.87,Low Risk,No,Maintain performance
STU2716,18,Female,IT,42,339,6,6,0,1,1,146,Low,88.8,High Risk,Yes,"Attend mentoring, increase activity"
STU2717,23,Female,IT,205,418,31,2,0,1,0,276,High,50.07,Medium Risk,No,Improve consistency
STU2718,20,Male,IT,204,332,47,3,0,0,1,125,High,38.6,Low Risk,No,Maintain performance
STU2719,22,Female,EEE,259,120,2,6,0,0,1,52,Low,52.27,Medium Risk,No,Improve consistency
STU2720,20,Male,IT,183,779,38,7,1,0,0,240,High,38.8,Low Risk,No,Maintain performance
STU2721,19,Male,EEE,39,98,28,6,0,1,0,67,Low,66,Medium Risk,No,Improve consistency
STU2722,18,Female,ECE,86,442,23,5,0,1,0,215,Low,64.73,Medium Risk,No,Improve consistency
STU2723,19,Female,IT,224,719,21,8,0,1,0,103,High,41.53,Medium Risk,No,Improve consistency
STU2724,19,Female,IT,162,721,5,8,0,1,0,45,Low,59.4,Medium Risk,No,Improve consistency
STU2725,22,Male,CSE,8,108,47,6,0,0,0,239,Low,48.73,Medium Risk,No,Improve consistency
STU2726,18,Female,ECE,171,548,23,7,0,0,0,236,Low,39.4,Low Risk,No,Maintain performance
STU2727,18,Male,IT,208,610,39,5,0,0,0,192,High,28.87,Low Risk,No,Maintain performance
STU2728,18,Female,IT,198,155,22,0,0,0,0,271,Low,50.4,Medium Risk,No,Improve consistency
STU2729,18,Female,ECE,239,703,37,0,0,0,1,140,High,45.93,Medium Risk,No,Improve consistency
STU2730,18,Male,EEE,210,266,9,5,0,1,0,74,Low,56.6,Medium Risk,No,Improve consistency
STU2731,22,Male,IT,154,198,15,1,0,1,0,195,Low,68.47,Medium Risk,No,Improve consistency
STU2732,20,Male,CSE,163,249,10,7,0,0,0,126,Low,48.27,Medium Risk,No,Improve consistency
STU2733,19,Male,IT,283,512,31,0,0,0,1,195,High,43.67,Medium Risk,No,Improve consistency
STU2734,18,Male,CSE,170,717,44,1,1,0,0,283,High,48.93,Medium Risk,No,Improve consistency
STU2735,24,Male,CSE,72,686,5,7,0,0,1,160,Low,73.4,High Risk,Yes,"Attend mentoring, increase activity"
STU2736,20,Female,IT,92,280,23,5,0,0,1,160,Low,63.93,Medium Risk,No,Improve consistency
STU2737,20,Female,IT,221,529,32,9,1,0,1,45,High,43.33,Medium Risk,No,Improve consistency
STU2738,19,Male,CSE,5,559,11,1,0,1,0,104,Low,90.73,High Risk,Yes,"Attend mentoring, increase activity"
STU2739,22,Female,ECE,139,123,26,1,1,0,0,143,Low,63.87,Medium Risk,No,Improve consistency
STU2740,21,Male,ECE,189,348,37,6,0,1,1,171,Low,50.6,Medium Risk,No,Improve consistency
STU2741,21,Female,IT,144,577,17,4,0,0,1,53,Low,62.6,Medium Risk,No,Improve consistency
STU2742,20,Female,EEE,110,368,44,4,0,0,1,292,Low,50.93,Medium Risk,No,Improve consistency
STU2743,23,Male,ECE,137,659,38,7,1,0,0,249,High,44.93,Medium Risk,No,Improve consistency
STU2744,23,Male,IT,112,623,12,6,0,1,0,61,Low,65.87,Medium Risk,No,Improve consistency
STU2745,19,Male,ECE,182,343,39,8,0,1,0,290,Low,36.33,Low Risk,No,Maintain performance
STU2746,21,Female,EEE,150,698,29,3,0,0,1,83,High,56.6,Medium Risk,No,Improve consistency
STU2747,20,Male,IT,78,178,48,9,0,1,1,247,Low,52.8,Medium Risk,No,Improve consistency
STU2748,22,Female,EEE,112,348,40,3,0,0,0,176,Low,45.07,Medium Risk,No,Improve consistency
STU2749,21,Male,IT,126,270,12,1,0,0,0,149,Low,64,Medium Risk,No,Improve consistency
STU2750,20,Female,EEE,21,744,33,2,0,0,0,148,Low,63.4,Medium Risk,No,Improve consistency
STU2751,20,Female,ECE,200,208,35,0,0,1,0,244,Low,52.33,Medium Risk,No,Improve consistency
STU2752,18,Male,ECE,256,220,29,0,0,0,0,12,Low,38.47,Low Risk,No,Maintain performance
STU2753,22,Female,EEE,123,296,24,6,0,0,0,265,Low,47.2,Medium Risk,No,Improve consistency
STU2754,18,Female,EEE,166,701,1,4,0,0,0,287,Low,59.27,Medium Risk,No,Improve consistency
STU2755,19,Male,EEE,202,771,35,2,0,0,0,13,High,38.07,Low Risk,No,Maintain performance
STU2756,18,Female,IT,49,752,17,6,1,1,1,279,Low,91.27,High Risk,Yes,"Attend mentoring, increase activity"
STU2757,24,Male,ECE,183,481,4,1,0,0,1,221,Low,71.2,High Risk,Yes,"Attend mentoring, increase activity"
STU2758,18,Male,IT,48,491,18,2,0,0,1,225,Low,78.8,High Risk,Yes,"Attend mentoring, increase activity"
STU2759,24,Male,ECE,275,32,41,0,0,0,1,279,Low,38.73,Low Risk,No,Maintain performance
STU2760,21,Male,CSE,82,569,17,7,0,1,0,25,Low,64.87,Medium Risk,No,Improve consistency
STU2761,23,Female,IT,182,118,31,1,0,0,1,73,Low,55.13,Medium Risk,No,Improve consistency
STU2762,20,Female,ECE,7,305,20,6,0,0,1,248,Low,75.07,High Risk,Yes,"Attend mentoring, increase activity"
STU2763,24,Female,ECE,218,15,9,8,0,0,0,25,Low,39.53,Low Risk,No,Maintain performance
STU2764,22,Male,IT,78,559,36,5,1,1,0,61,Low,68,Medium Risk,No,Improve consistency
STU2765,18,Female,IT,55,690,48,1,1,0,1,28,High,71.87,High Risk,Yes,"Attend mentoring, increase activity"
STU2766,24,Female,ECE,71,212,21,1,0,0,1,102,Low,75.93,High Risk,Yes,"Attend mentoring, increase activity"
STU2767,22,Male,IT,97,334,12,8,0,1,0,270,Low,63.87,Medium Risk,No,Improve consistency
STU2768,23,Male,EEE,180,794,16,9,1,0,0,26,High,48.4,Medium Risk,No,Improve consistency
STU2769,23,Female,IT,149,253,8,7,0,0,1,120,Low,61.33,Medium Risk,No,Improve consistency
STU2770,18,Male,IT,11,336,23,8,0,0,1,103,Low,68.73,Medium Risk,No,Improve consistency
STU2771,19,Male,IT,273,56,43,3,0,0,0,19,Low,21.8,Low Risk,No,Maintain performance
STU2772,18,Male,ECE,8,770,13,3,0,0,0,221,Low,75.13,High Risk,Yes,"Attend mentoring, increase activity"
STU2773,21,Male,EEE,142,600,45,1,0,1,0,246,High,52.07,Medium Risk,No,Improve consistency
STU2774,24,Female,CSE,235,631,7,9,1,0,0,263,High,46.47,Medium Risk,No,Improve consistency
STU2775,20,Male,CSE,92,22,36,0,1,0,1,25,Low,76.13,High Risk,Yes,"Attend mentoring, increase activity"
STU2776,19,Male,EEE,21,389,18,9,0,1,0,153,Low,68.4,Medium Risk,No,Improve consistency
STU2777,18,Male,EEE,56,374,27,3,1,1,0,51,Low,80.33,High Risk,Yes,"Attend mentoring, increase activity"
STU2778,22,Male,EEE,138,611,45,9,0,0,1,12,High,36.6,Low Risk,No,Maintain performance
STU2779,19,Male,ECE,215,351,40,9,0,0,0,165,High,19.33,Low Risk,No,Maintain performance
STU2780,24,Male,CSE,223,230,29,7,0,0,1,182,Low,38.87,Low Risk,No,Maintain performance
STU2781,19,Male,EEE,209,82,6,1,0,0,0,33,Low,56.53,Medium Risk,No,Improve consistency
STU2782,24,Male,ECE,215,755,25,7,0,0,1,284,High,42.33,Medium Risk,No,Improve consistency
STU2783,18,Female,CSE,281,781,39,0,0,0,1,84,High,39.13,Low Risk,No,Maintain performance
STU2784,24,Male,IT,28,634,45,0,1,0,0,49,Low,69.27,Medium Risk,No,Improve consistency
STU2785,19,Female,ECE,8,55,45,3,1,0,1,49,Low,75.93,High Risk,Yes,"Attend mentoring, increase activity"
STU2786,22,Male,CSE,156,513,10,6,1,0,1,71,Low,71.2,High Risk,Yes,"Attend mentoring, increase activity"
STU2787,23,Male,ECE,263,283,13,8,0,0,1,247,Low,41.13,Medium Risk,No,Improve consistency
STU2788,19,Male,CSE,172,564,20,4,0,0,0,254,Low,47.07,Medium Risk,No,Improve consistency
STU2789,24,Male,CSE,180,217,7,1,0,0,0,27,Low,59.8,Medium Risk,No,Improve consistency
STU2790,23,Female,IT,295,624,2,6,1,0,0,149,High,47.47,Medium Risk,No,Improve consistency
STU2791,24,Male,ECE,60,133,27,1,0,0,0,91,Low,63.8,Medium Risk,No,Improve consistency
STU2792,22,Male,EEE,112,19,28,8,0,0,0,198,Low,42.27,Medium Risk,No,Improve consistency
STU2793,24,Female,IT,145,338,22,8,0,1,0,117,Low,51.47,Medium Risk,No,Improve consistency
STU2794,18,Female,IT,159,196,17,2,1,0,1,243,Low,74.6,High Risk,Yes,"Attend mentoring, increase activity"
STU2795,20,Male,CSE,266,552,34,7,0,0,0,277,High,20.13,Low Risk,No,Maintain performance
STU2796,19,Female,EEE,277,677,12,3,0,0,1,113,High,49.87,Medium Risk,No,Improve consistency
STU2797,20,Female,ECE,236,69,11,2,0,0,1,143,Low,57.93,Medium Risk,No,Improve consistency
STU2798,24,Female,EEE,245,770,46,0,1,0,0,42,High,39.73,Low Risk,No,Maintain performance
STU2799,22,Male,EEE,262,791,49,4,0,0,0,246,High,17.67,Low Risk,No,Maintain performance
STU2800,19,Male,EEE,253,451,4,3,1,0,1,187,Low,67.87,Medium Risk,No,Improve consistency
STU2801,24,Male,EEE,81,226,38,0,1,0,0,21,Low,66.4,Medium Risk,No,Improve consistency
STU2802,23,Female,EEE,184,11,10,9,0,1,0,238,Low,51.47,Medium Risk,No,Improve consistency
STU2803,21,Male,CSE,70,545,10,7,0,0,1,278,Low,70.67,High Risk,Yes,"Attend mentoring, increase activity"
STU2804,24,Female,CSE,175,727,46,7,0,0,0,140,High,25.07,Low Risk,No,Maintain performance
STU2805,20,Male,IT,26,720,41,7,0,0,1,258,Low,57.93,Medium Risk,No,Improve consistency
STU2806,19,Male,CSE,111,365,46,2,0,1,1,67,Low,63.6,Medium Risk,No,Improve consistency
STU2807,20,Female,IT,231,635,30,5,0,1,0,13,High,41.2,Medium Risk,No,Improve consistency
STU2808,19,Male,IT,220,676,30,6,0,0,1,245,High,40.67,Medium Risk,No,Improve consistency
STU2809,24,Female,ECE,73,174,12,8,0,0,0,182,Low,57.07,Medium Risk,No,Improve consistency
STU2810,18,Female,EEE,88,743,13,4,0,0,1,45,Low,72.47,High Risk,Yes,"Attend mentoring, increase activity"
STU2811,23,Male,CSE,107,100,48,8,0,0,1,288,Low,40.93,Medium Risk,No,Improve consistency
STU2812,24,Female,ECE,43,176,44,5,1,0,0,246,Low,57.87,Medium Risk,No,Improve consistency
STU2813,20,Male,CSE,17,216,41,9,0,0,0,284,Low,45.13,Medium Risk,No,Improve consistency
STU2814,21,Male,IT,185,291,24,9,0,1,0,67,Low,42.93,Medium Risk,No,Improve consistency
STU2815,21,Female,CSE,272,74,32,9,1,0,0,27,Low,26.53,Low Risk,No,Maintain performance
STU2816,22,Male,EEE,17,525,32,3,0,1,1,45,Low,82.53,High Risk,Yes,"Attend mentoring, increase activity"
STU2817,19,Female,IT,124,166,14,0,0,0,0,138,Low,65.07,Medium Risk,No,Improve consistency
STU2818,20,Male,IT,61,770,15,0,0,0,0,10,Low,72.87,High Risk,Yes,"Attend mentoring, increase activity"
STU2819,22,Male,ECE,44,778,43,9,1,0,0,73,High,50.33,Medium Risk,No,Improve consistency
STU2820,20,Male,EEE,132,756,37,4,0,0,0,71,High,42.2,Medium Risk,No,Improve consistency
STU2821,19,Male,IT,177,315,5,2,1,0,1,155,Low,79.4,High Risk,Yes,"Attend mentoring, increase activity"
STU2822,24,Male,EEE,39,404,43,4,1,0,0,281,Low,61,Medium Risk,No,Improve consistency
STU2823,24,Female,CSE,263,83,24,4,0,1,1,26,Low,52.53,Medium Risk,No,Improve consistency
STU2824,21,Female,EEE,9,196,14,0,0,0,1,289,Low,90.4,High Risk,Yes,"Attend mentoring, increase activity"
STU2825,24,Female,IT,222,583,3,7,0,0,0,107,Low,44.6,Medium Risk,No,Improve consistency
STU2826,24,Female,ECE,15,346,3,4,0,0,0,236,Low,78.2,High Risk,Yes,"Attend mentoring, increase activity"
STU2827,18,Female,IT,121,685,29,4,0,1,0,252,High,58.47,Medium Risk,No,Improve consistency
STU2828,21,Female,EEE,188,577,33,8,0,0,0,210,High,29.13,Low Risk,No,Maintain performance
STU2829,22,Male,EEE,120,632,26,7,0,0,0,188,Low,44.4,Medium Risk,No,Improve consistency
STU2830,23,Male,IT,166,739,30,0,1,0,1,279,High,69.87,Medium Risk,No,Improve consistency
STU2831,18,Female,EEE,71,249,31,2,0,0,1,243,Low,67.93,Medium Risk,No,Improve consistency
STU2832,22,Female,CSE,204,542,43,6,0,1,0,121,High,35,Low Risk,No,Maintain performance
STU2833,19,Male,IT,35,150,38,0,0,0,0,75,Low,62.53,Medium Risk,No,Improve consistency
STU2834,18,Male,ECE,79,274,8,0,0,0,0,254,Low,74.67,High Risk,Yes,"Attend mentoring, increase activity"
STU2835,22,Male,IT,241,148,40,4,1,0,1,254,Low,45.87,Medium Risk,No,Improve consistency
STU2836,19,Female,CSE,70,468,7,8,0,0,0,81,Low,60.47,Medium Risk,No,Improve consistency
STU2837,21,Female,CSE,74,79,13,5,0,0,0,58,Low,62.33,Medium Risk,No,Improve consistency
STU2838,23,Female,CSE,24,394,32,9,0,0,0,199,Low,49.6,Medium Risk,No,Improve consistency
STU2839,19,Male,CSE,230,639,22,1,0,0,1,186,High,54.13,Medium Risk,No,Improve consistency
STU2840,24,Male,CSE,203,207,20,8,0,0,0,170,Low,34.93,Low Risk,No,Maintain performance
STU2841,20,Female,ECE,43,214,11,5,0,0,0,159,Low,67.67,Medium Risk,No,Improve consistency
STU2842,19,Female,EEE,149,735,1,4,1,0,0,79,Low,71.53,High Risk,Yes,"Attend mentoring, increase activity"
STU2843,19,Male,CSE,49,577,12,4,1,0,0,42,Low,78.27,High Risk,Yes,"Attend mentoring, increase activity"
STU2844,23,Male,CSE,95,696,3,2,0,1,1,293,Low,91.53,High Risk,Yes,"Attend mentoring, increase activity"
STU2845,20,Male,IT,242,649,19,5,0,1,0,269,High,46.33,Medium Risk,No,Improve consistency
STU2846,24,Male,ECE,74,440,49,3,0,0,0,86,Low,44.73,Medium Risk,No,Improve consistency
STU2847,22,Female,ECE,170,334,47,9,0,0,1,119,Low,31.13,Low Risk,No,Maintain performance
STU2848,22,Male,EEE,134,451,13,1,0,0,0,148,Low,62.33,Medium Risk,No,Improve consistency
STU2849,19,Male,ECE,218,297,29,2,0,1,0,44,Low,49.53,Medium Risk,No,Improve consistency
STU2850,20,Male,IT,93,235,28,8,0,1,1,244,Low,64.8,Medium Risk,No,Improve consistency
STU2851,20,Female,IT,256,73,7,8,0,0,1,209,Low,45.67,Medium Risk,No,Improve consistency
STU2852,24,Female,EEE,76,569,11,5,0,0,0,160,Low,63.27,Medium Risk,No,Improve consistency
STU2853,23,Male,IT,169,723,40,9,0,0,1,43,High,35.47,Low Risk,No,Maintain performance
STU2854,21,Male,CSE,53,507,37,9,0,0,1,133,Low,52.73,Medium Risk,No,Improve consistency
STU2855,22,Male,CSE,56,69,25,8,0,0,0,41,Low,51.53,Medium Risk,No,Improve consistency
STU2856,23,Female,IT,293,406,49,3,0,0,0,281,High,15.53,Low Risk,No,Maintain performance
STU2857,18,Female,EEE,282,266,1,4,1,1,0,133,Low,63.8,Medium Risk,No,Improve consistency
STU2858,22,Female,ECE,118,586,39,9,0,0,1,87,High,42.87,Medium Risk,No,Improve consistency
STU2859,23,Male,EEE,243,248,13,5,1,0,1,85,Low,59.8,Medium Risk,No,Improve consistency
STU2860,22,Female,ECE,137,47,5,8,0,0,0,69,Low,52.73,Medium Risk,No,Improve consistency
STU2861,21,Male,IT,278,34,41,4,0,0,0,94,Low,20.33,Low Risk,No,Maintain performance
STU2862,18,Male,IT,170,419,39,7,0,1,0,89,Low,39.93,Low Risk,No,Maintain performance
STU2863,21,Male,CSE,297,470,30,0,0,0,0,181,High,32.4,Low Risk,No,Maintain performance
STU2864,24,Female,ECE,247,580,16,4,1,0,0,267,High,49.47,Medium Risk,No,Improve consistency
STU2865,18,Male,EEE,142,426,24,9,0,0,0,288,Low,38.67,Low Risk,No,Maintain performance
STU2866,19,Female,IT,83,366,31,0,0,0,0,230,Low,60.33,Medium Risk,No,Improve consistency
STU2867,23,Female,EEE,174,392,11,9,0,0,0,55,Low,42.2,Medium Risk,No,Improve consistency
STU2868,18,Male,CSE,127,167,48,5,0,1,1,82,Low,54.27,Medium Risk,No,Improve consistency
STU2869,24,Male,ECE,180,578,12,6,0,0,1,63,Low,56.8,Medium Risk,No,Improve consistency
STU2870,24,Female,ECE,86,442,18,4,0,0,1,230,Low,69.73,Medium Risk,No,Improve consistency
STU2871,21,Male,IT,91,57,43,0,1,1,0,18,Low,72.07,High Risk,Yes,"Attend mentoring, increase activity"
STU2872,22,Female,ECE,229,337,47,5,0,0,1,181,High,31.27,Low Risk,No,Maintain performance
STU2873,18,Male,IT,20,442,24,9,0,0,1,93,Low,64.93,Medium Risk,No,Improve consistency
STU2874,23,Female,CSE,167,440,30,4,0,0,0,21,Low,41.73,Medium Risk,No,Improve consistency
STU2875,18,Female,ECE,102,65,36,5,1,0,0,41,Low,54.8,Medium Risk,No,Improve consistency
STU2876,20,Female,IT,160,586,24,9,1,1,1,298,High,66.27,Medium Risk,No,Improve consistency
STU2877,22,Female,EEE,6,277,15,6,0,0,0,281,Low,68.2,Medium Risk,No,Improve consistency
STU2878,23,Male,IT,173,78,37,6,0,0,0,187,Low,32.73,Low Risk,No,Maintain performance
STU2879,23,Male,ECE,96,737,42,1,0,0,0,123,High,50,Medium Risk,No,Improve consistency
STU2880,19,Female,CSE,185,610,48,2,0,0,0,35,High,32.53,Low Risk,No,Maintain performance
STU2881,21,Female,ECE,235,458,22,5,1,0,0,246,High,45.47,Medium Risk,No,Improve consistency
STU2882,19,Male,ECE,152,266,13,2,0,0,0,181,Low,57.93,Medium Risk,No,Improve consistency
STU2883,23,Male,IT,284,681,5,1,0,1,0,242,High,57.13,Medium Risk,No,Improve consistency
STU2884,22,Male,EEE,193,499,24,3,0,0,0,46,High,43.87,Medium Risk,No,Improve consistency
STU2885,18,Male,ECE,132,755,22,4,0,0,1,274,High,61.2,Medium Risk,No,Improve consistency
STU2886,18,Male,EEE,11,652,42,9,1,0,1,22,Low,65.33,Medium Risk,No,Improve consistency
STU2887,22,Male,IT,51,58,11,8,0,0,0,115,Low,60.6,Medium Risk,No,Improve consistency
STU2888,23,Female,EEE,57,668,12,2,0,0,0,135,Low,71.2,High Risk,Yes,"Attend mentoring, increase activity"
STU2889,24,Male,IT,191,325,35,2,1,0,0,139,Low,49.53,Medium Risk,No,Improve consistency
STU2890,18,Male,CSE,42,422,38,5,0,0,0,265,Low,51.6,Medium Risk,No,Improve consistency
STU2891,24,Female,EEE,230,443,33,4,0,0,1,124,High,41.53,Medium Risk,No,Improve consistency
STU2892,18,Male,EEE,57,11,5,5,0,0,0,133,Low,69.4,Medium Risk,No,Improve consistency
STU2893,18,Male,CSE,228,154,37,6,0,0,0,265,Low,25.4,Low Risk,No,Maintain performance
STU2894,21,Male,EEE,158,375,49,2,0,0,0,148,Low,35.53,Low Risk,No,Maintain performance
STU2895,21,Male,CSE,52,429,39,4,0,1,0,215,Low,61.67,Medium Risk,No,Improve consistency
STU2896,20,Male,ECE,151,582,7,7,0,0,0,56,Low,51.67,Medium Risk,No,Improve consistency
STU2897,19,Female,IT,68,794,7,3,0,1,0,226,Low,80.73,High Risk,Yes,"Attend mentoring, increase activity"
STU2898,22,Male,CSE,186,570,39,9,0,0,1,132,High,33.8,Low Risk,No,Maintain performance
STU2899,22,Female,EEE,129,453,32,1,0,1,0,40,Low,61.6,Medium Risk,No,Improve consistency
STU2900,22,Female,CSE,183,443,33,3,0,0,0,64,Low,39.8,Low Risk,No,Maintain performance
STU2901,20,Male,EEE,43,652,43,1,1,0,0,162,Low,66.47,Medium Risk,No,Improve consistency
STU2902,21,Female,ECE,264,564,14,2,0,1,0,295,High,52.4,Medium Risk,No,Improve consistency
STU2903,23,Male,CSE,7,66,35,3,0,0,0,45,Low,62.07,Medium Risk,No,Improve consistency
STU2904,24,Female,ECE,68,571,34,3,1,0,0,294,Low,64.53,Medium Risk,No,Improve consistency
STU2905,24,Female,IT,33,187,45,9,0,1,1,265,Low,60.6,Medium Risk,No,Improve consistency
STU2906,23,Male,EEE,15,302,21,8,0,0,0,187,Low,59.4,Medium Risk,No,Improve consistency
STU2907,20,Male,EEE,101,55,22,9,0,0,0,45,Low,45.33,Medium Risk,No,Improve consistency
STU2908,23,Male,ECE,207,179,39,5,0,0,0,263,Low,29,Low Risk,No,Maintain performance
STU2909,22,Male,IT,25,280,44,8,0,0,0,171,Low,44.27,Medium Risk,No,Improve consistency
STU2910,19,Male,CSE,43,426,21,3,1,0,0,30,Low,75.67,High Risk,Yes,"Attend mentoring, increase activity"
STU2911,18,Female,CSE,227,148,4,8,0,1,0,84,Low,51.33,Medium Risk,No,Improve consistency
STU2912,24,Female,EEE,106,256,30,8,0,0,0,216,Low,41.87,Medium Risk,No,Improve consistency
STU2913,21,Female,ECE,50,157,12,5,0,0,0,187,Low,66.13,Medium Risk,No,Improve consistency
STU2914,21,Female,ECE,70,239,27,4,0,0,0,46,Low,56.47,Medium Risk,No,Improve consistency
STU2915,20,Female,CSE,95,646,19,2,1,1,0,129,Low,81.93,High Risk,Yes,"Attend mentoring, increase activity"
STU2916,21,Female,IT,168,713,32,4,0,0,0,127,High,40.4,Medium Risk,No,Improve consistency
STU2917,22,Female,IT,115,383,15,2,0,1,0,10,Low,71.67,High Risk,Yes,"Attend mentoring, increase activity"
STU2918,24,Male,CSE,127,89,28,4,0,0,0,218,Low,48.27,Medium Risk,No,Improve consistency
STU2919,23,Male,CSE,197,615,22,4,0,1,0,217,High,52.53,Medium Risk,No,Improve consistency
STU2920,22,Female,ECE,103,747,23,1,0,0,0,163,High,60.47,Medium Risk,No,Improve consistency
STU2921,20,Female,IT,295,74,33,8,0,0,0,259,Low,14.87,Low Risk,No,Maintain performance
STU2922,22,Male,CSE,163,97,6,6,1,0,0,180,Low,62.67,Medium Risk,No,Improve consistency
STU2923,23,Male,CSE,107,97,37,5,0,0,1,116,Low,53.53,Medium Risk,No,Improve consistency
STU2924,19,Male,EEE,285,722,36,4,0,0,1,152,High,32.4,Low Risk,No,Maintain performance
STU2925,20,Male,CSE,47,735,3,3,0,0,0,17,Low,75.93,High Risk,Yes,"Attend mentoring, increase activity"
STU2926,19,Female,CSE,88,213,33,7,0,0,0,103,Low,44.47,Medium Risk,No,Improve consistency
STU2927,18,Male,IT,195,391,41,1,0,0,0,106,High,37.4,Low Risk,No,Maintain performance
STU2928,19,Female,ECE,55,610,21,7,0,0,0,16,Low,56.07,Medium Risk,No,Improve consistency
STU2929,18,Female,IT,214,485,4,0,0,0,0,283,Low,59.07,Medium Risk,No,Improve consistency
STU2930,18,Female,ECE,130,582,49,9,0,1,1,21,High,45.27,Medium Risk,No,Improve consistency
STU2931,19,Male,EEE,73,792,41,0,0,1,0,11,High,65.67,Medium Risk,No,Improve consistency
STU2932,20,Male,CSE,269,615,22,2,1,0,1,16,High,56.93,Medium Risk,No,Improve consistency
STU2933,23,Female,EEE,262,548,14,4,0,0,0,21,High,38.67,Low Risk,No,Maintain performance
STU2934,22,Female,ECE,192,223,30,5,0,0,0,66,Low,36.4,Low Risk,No,Maintain performance
STU2935,22,Female,IT,234,83,8,3,0,0,1,87,Low,58,Medium Risk,No,Improve consistency
STU2936,23,Male,IT,193,70,42,6,0,0,1,83,Low,37.07,Low Risk,No,Maintain performance
STU2937,24,Female,EEE,14,707,24,6,0,0,1,242,Low,71.73,High Risk,Yes,"Attend mentoring, increase activity"
STU2938,24,Male,ECE,118,552,24,1,0,0,1,288,Low,67.87,Medium Risk,No,Improve consistency
STU2939,18,Female,EEE,80,228,48,1,0,1,0,39,Low,58.53,Medium Risk,No,Improve consistency
STU2940,18,Female,EEE,168,21,20,1,0,0,0,104,Low,53.6,Medium Risk,No,Improve consistency
STU2941,20,Female,CSE,89,424,8,1,0,0,0,65,Low,71.33,High Risk,Yes,"Attend mentoring, increase activity"
STU2942,21,Male,EEE,53,41,47,8,0,0,0,19,Low,38.73,Low Risk,No,Maintain performance
STU2943,19,Male,CSE,181,169,37,4,0,0,1,156,Low,45.67,Medium Risk,No,Improve consistency
STU2944,18,Female,CSE,222,246,21,7,1,0,1,96,Low,53.8,Medium Risk,No,Improve consistency
STU2945,22,Male,IT,193,748,42,4,0,0,1,262,High,41.07,Medium Risk,No,Improve consistency
STU2946,20,Female,CSE,234,190,22,4,1,1,0,196,Low,57.6,Medium Risk,No,Improve consistency
STU2947,19,Male,CSE,259,567,48,0,1,0,0,242,High,36.67,Low Risk,No,Maintain performance
STU2948,20,Male,IT,240,350,3,5,1,1,1,262,Low,76.2,High Risk,Yes,"Attend mentoring, increase activity"
STU2949,19,Male,EEE,30,467,28,3,0,0,0,233,Low,63.2,Medium Risk,No,Improve consistency
STU2950,19,Female,ECE,76,89,14,2,1,0,0,13,Low,77.47,High Risk,Yes,"Attend mentoring, increase activity"
STU2951,23,Male,ECE,265,656,0,5,0,1,1,121,High,64.67,Medium Risk,No,Improve consistency
STU2952,18,Male,ECE,258,781,29,1,0,0,0,202,High,36.2,Low Risk,No,Maintain performance
STU2953,20,Female,EEE,275,768,28,7,0,0,1,150,High,32.53,Low Risk,No,Maintain performance
STU2954,20,Female,CSE,127,482,19,0,0,1,0,149,Low,71.67,High Risk,Yes,"Attend mentoring, increase activity"
STU2955,23,Female,ECE,148,680,32,8,0,0,0,104,High,35.07,Low Risk,No,Maintain performance
STU2956,22,Female,EEE,261,724,40,7,0,0,0,50,High,17.2,Low Risk,No,Maintain performance
STU2957,22,Male,CSE,148,121,43,0,0,1,0,11,Low,54.47,Medium Risk,No,Improve consistency
STU2958,24,Male,IT,263,301,35,9,0,0,0,287,High,15.93,Low Risk,No,Maintain performance
STU2959,18,Male,ECE,51,640,21,8,0,0,0,159,Low,54.6,Medium Risk,No,Improve consistency
STU2960,18,Male,CSE,17,392,12,1,0,0,1,50,Low,88.53,High Risk,Yes,"Attend mentoring, increase activity"
STU2961,21,Male,ECE,212,26,6,2,1,0,1,125,Low,74.13,High Risk,Yes,"Attend mentoring, increase activity"
STU2962,23,Female,ECE,239,502,7,1,0,0,0,129,Low,51.93,Medium Risk,No,Improve consistency
STU2963,22,Male,ECE,153,340,27,7,0,1,0,246,Low,49.4,Medium Risk,No,Improve consistency
STU2964,19,Male,CSE,159,748,44,1,1,0,0,279,High,50.4,Medium Risk,No,Improve consistency
STU2965,20,Male,EEE,170,495,42,9,0,0,1,18,High,34.13,Low Risk,No,Maintain performance
STU2966,18,Female,CSE,94,415,8,1,0,1,0,248,Low,80.67,High Risk,Yes,"Attend mentoring, increase activity"
STU2967,20,Female,ECE,190,126,24,0,1,0,0,127,Low,60.27,Medium Risk,No,Improve consistency
STU2968,20,Male,CSE,178,564,15,6,1,0,0,19,Low,55.27,Medium Risk,No,Improve consistency
STU2969,21,Female,IT,221,124,9,1,0,0,0,34,Low,53.13,Medium Risk,No,Improve consistency
STU2970,22,Female,EEE,268,558,10,9,0,0,0,182,High,30.27,Low Risk,No,Maintain performance
STU2971,18,Female,CSE,101,634,30,4,1,1,1,234,Low,80.53,High Risk,Yes,"Attend mentoring, increase activity"
STU2972,20,Female,IT,121,556,11,4,0,0,1,20,Low,69.27,Medium Risk,No,Improve consistency
STU2973,18,Female,EEE,203,653,30,2,0,0,0,110,High,40.93,Medium Risk,No,Improve consistency
STU2974,19,Female,IT,25,345,13,2,0,0,0,274,Low,74.87,High Risk,Yes,"Attend mentoring, increase activity"
STU2975,21,Female,EEE,204,345,43,2,0,0,0,92,High,33,Low Risk,No,Maintain performance
STU2976,19,Male,CSE,252,749,31,5,0,0,0,285,High,27.8,Low Risk,No,Maintain performance
STU2977,18,Male,IT,280,156,49,3,1,0,0,270,High,27.27,Low Risk,No,Maintain performance
STU2978,24,Female,ECE,268,131,16,2,0,0,0,230,Low,40.67,Medium Risk,No,Improve consistency
STU2979,18,Male,IT,62,90,34,1,0,1,1,228,Low,79.33,High Risk,Yes,"Attend mentoring, increase activity"
STU2980,22,Male,EEE,35,694,0,2,0,0,0,98,Low,81.33,High Risk,Yes,"Attend mentoring, increase activity"
STU2981,20,Female,CSE,253,675,28,3,0,0,0,24,High,33.47,Low Risk,No,Maintain performance
STU2982,20,Male,EEE,97,671,3,5,0,1,0,255,Low,75.27,High Risk,Yes,"Attend mentoring, increase activity"
STU2983,19,Female,IT,269,384,22,3,1,0,0,185,High,44.93,Medium Risk,No,Improve consistency
STU2984,21,Female,IT,275,579,27,7,1,0,0,13,High,33.13,Low Risk,No,Maintain performance
STU2985,24,Female,ECE,98,72,15,2,0,1,0,30,Low,73.93,High Risk,Yes,"Attend mentoring, increase activity"
STU2986,23,Male,CSE,158,513,11,2,0,0,0,217,Low,58.33,Medium Risk,No,Improve consistency
STU2987,20,Male,CSE,289,677,20,2,0,0,1,146,High,45.47,Medium Risk,No,Improve consistency
STU2988,22,Male,IT,84,458,44,7,1,0,0,225,Low,48.4,Medium Risk,No,Improve consistency
STU2989,19,Male,CSE,296,437,16,3,0,1,0,126,High,44.93,Medium Risk,No,Improve consistency
STU2990,19,Female,ECE,88,436,39,0,1,0,0,188,Low,64.87,Medium Risk,No,Improve consistency
STU2991,23,Female,EEE,41,430,12,1,0,0,0,255,Low,75.33,High Risk,Yes,"Attend mentoring, increase activity"
STU2992,22,Male,CSE,236,331,31,9,0,0,0,137,High,21.93,Low Risk,No,Maintain performance
STU2993,21,Female,IT,97,689,36,1,0,0,1,87,High,63.47,Medium Risk,No,Improve consistency
STU2994,22,Female,EEE,106,175,49,2,0,1,0,238,Low,52.47,Medium Risk,No,Improve consistency
STU2995,21,Male,EEE,170,606,14,5,1,0,0,271,Low,58.93,Medium Risk,No,Improve consistency
STU2996,22,Female,ECE,163,658,11,7,0,0,0,91,Low,47.67,Medium Risk,No,Improve consistency
STU2997,22,Male,IT,18,470,48,0,0,0,0,75,Low,58.8,Medium Risk,No,Improve consistency
STU2998,18,Female,CSE,229,468,14,8,0,0,0,105,Low,35.07,Low Risk,No,Maintain performance
STU2999,19,Male,IT,77,198,33,0,0,1,1,154,Low,79.93,High Risk,Yes,"Attend mentoring, increase activity"
STU3000,22,Female,EEE,253,473,5,9,0,0,0,74,Low,35.27,Low Risk,No,Maintain performance
STU3001,23,Female,IT,95,388,16,1,0,0,1,18,Low,75.73,High Risk,Yes,"Attend mentoring, increase activity"
STU3002,22,Male,CSE,220,11,47,2,0,0,0,195,Low,28.47,Low Risk,No,Maintain performance
STU3003,20,Male,CSE,94,627,48,6,0,0,0,167,High,36.67,Low Risk,No,Maintain performance
STU3004,19,Male,ECE,33,373,19,8,0,0,0,40,Low,58.2,Medium Risk,No,Improve consistency
STU3005,20,Male,CSE,224,81,8,2,0,0,0,160,Low,51.33,Medium Risk,No,Improve consistency
STU3006,19,Female,CSE,219,436,4,7,0,1,0,251,Low,54.4,Medium Risk,No,Improve consistency
STU3007,20,Female,IT,225,647,22,8,0,0,1,165,High,40.8,Medium Risk,No,Improve consistency
STU3008,22,Male,IT,46,179,32,9,0,0,0,68,Low,46.67,Medium Risk,No,Improve consistency
STU3009,22,Female,EEE,139,214,37,6,0,0,0,19,Low,37.27,Low Risk,No,Maintain performance
STU3010,18,Male,ECE,46,346,13,3,0,1,1,133,Low,90.07,High Risk,Yes,"Attend mentoring, increase activity"
STU3011,23,Male,IT,168,481,16,3,0,0,0,291,Low,52,Medium Risk,No,Improve consistency
STU3012,20,Female,CSE,287,204,18,3,0,0,1,246,Low,44.93,Medium Risk,No,Improve consistency
STU3013,21,Female,EEE,62,679,32,5,0,0,0,26,Low,52.53,Medium Risk,No,Improve consistency
STU3014,18,Male,IT,29,662,0,3,0,0,0,32,Low,80.13,High Risk,Yes,"Attend mentoring, increase activity"
STU3015,20,Male,ECE,77,284,12,4,1,1,0,18,Low,84.53,High Risk,Yes,"Attend mentoring, increase activity"
STU3016,20,Male,ECE,133,16,45,8,0,0,0,216,Low,29.27,Low Risk,No,Maintain performance
STU3017,18,Female,EEE,91,575,26,6,0,1,1,54,Low,70.27,High Risk,Yes,"Attend mentoring, increase activity"
STU3018,22,Female,EEE,157,625,5,7,0,1,1,36,Low,72.07,High Risk,Yes,"Attend mentoring, increase activity"
STU3019,20,Female,EEE,186,582,5,4,0,0,0,197,Low,54.2,Medium Risk,No,Improve consistency
STU3020,22,Female,EEE,129,608,32,4,0,1,0,149,High,55.6,Medium Risk,No,Improve consistency
STU3021,18,Male,EEE,71,779,29,6,1,0,0,18,High,61.13,Medium Risk,No,Improve consistency
STU3022,22,Male,CSE,10,187,45,7,0,0,0,243,Low,47.67,Medium Risk,No,Improve consistency
STU3023,19,Male,CSE,129,251,34,8,0,1,0,101,Low,46.4,Medium Risk,No,Improve consistency
STU3024,21,Male,IT,57,212,22,1,0,0,0,86,Low,67.2,Medium Risk,No,Improve consistency
STU3025,24,Male,ECE,70,552,9,2,0,0,1,253,Low,81.27,High Risk,Yes,"Attend mentoring, increase activity"
STU3026,20,Male,CSE,86,471,18,1,0,0,0,164,Low,65.73,Medium Risk,No,Improve consistency
STU3027,23,Female,CSE,91,89,27,9,1,1,1,227,Low,73.67,High Risk,Yes,"Attend mentoring, increase activity"
STU3028,21,Female,CSE,6,532,22,6,1,0,0,294,Low,74,High Risk,Yes,"Attend mentoring, increase activity"
STU3029,24,Male,IT,208,426,3,1,0,0,1,159,Low,68.47,Medium Risk,No,Improve consistency
STU3030,22,Male,EEE,154,775,19,1,1,0,0,97,High,66.07,Medium Risk,No,Improve consistency
STU3031,20,Female,IT,297,393,18,1,0,1,0,115,High,47.6,Medium Risk,No,Improve consistency
STU3032,22,Female,ECE,107,400,41,3,0,0,1,104,Low,55.13,Medium Risk,No,Improve consistency
STU3033,19,Female,ECE,28,697,26,0,0,0,1,262,Low,80.67,High Risk,Yes,"Attend mentoring, increase activity"
STU3034,18,Female,ECE,216,135,33,1,0,0,1,48,Low,49.4,Medium Risk,No,Improve consistency
STU3035,20,Male,ECE,69,503,3,2,1,0,0,264,Low,85,High Risk,Yes,"Attend mentoring, increase activity"
STU3036,24,Male,CSE,213,56,37,6,1,0,1,63,Low,47.4,Medium Risk,No,Improve consistency
STU3037,24,Male,CSE,255,727,6,9,1,0,0,252,High,44.4,Medium Risk,No,Improve consistency
STU3038,19,Male,IT,121,485,47,0,0,0,0,119,Low,45.67,Medium Risk,No,Improve consistency
STU3039,19,Male,EEE,120,628,6,5,0,0,0,263,Low,60.4,Medium Risk,No,Improve consistency
STU3040,20,Female,ECE,241,473,49,2,0,0,1,121,High,34.47,Low Risk,No,Maintain performance
STU3041,22,Male,IT,109,796,25,2,0,0,0,183,High,56.47,Medium Risk,No,Improve consistency
STU3042,23,Female,CSE,263,132,25,3,0,0,0,198,Low,33.93,Low Risk,No,Maintain performance
STU3043,24,Male,CSE,50,483,18,3,0,0,0,230,Low,66.53,Medium Risk,No,Improve consistency
STU3044,24,Male,EEE,220,143,8,6,1,0,0,258,Low,53.87,Medium Risk,No,Improve consistency
STU3045,19,Male,EEE,28,628,19,2,1,0,0,61,Low,80.87,High Risk,Yes,"Attend mentoring, increase activity"
STU3046,21,Male,EEE,39,571,41,7,0,0,0,171,Low,46.2,Medium Risk,No,Improve consistency
STU3047,19,Male,IT,28,616,44,7,0,0,0,44,Low,45.87,Medium Risk,No,Improve consistency
STU3048,23,Female,CSE,32,789,49,6,0,0,0,46,High,44.33,Medium Risk,No,Improve consistency
STU3049,22,Female,CSE,20,32,15,1,0,0,1,120,Low,86.33,High Risk,Yes,"Attend mentoring, increase activity"
STU3050,22,Female,EEE,63,575,16,4,0,1,0,186,Low,74,High Risk,Yes,"Attend mentoring, increase activity"
STU3051,21,Male,ECE,247,775,21,5,0,0,0,18,High,34.47,Low Risk,No,Maintain performance
STU3052,24,Male,EEE,211,244,12,9,0,1,0,284,Low,46.67,Medium Risk,No,Improve consistency
STU3053,19,Female,IT,275,68,11,3,0,0,0,130,Low,40.73,Medium Risk,No,Improve consistency
STU3054,22,Male,EEE,253,173,9,9,0,0,0,114,Low,32.87,Low Risk,No,Maintain performance
STU3055,23,Male,EEE,271,780,0,4,1,1,1,165,High,75.87,High Risk,Yes,"Attend mentoring, increase activity"
STU3056,20,Female,IT,197,225,31,8,0,0,0,35,Low,29.13,Low Risk,No,Maintain performance
STU3057,18,Male,EEE,222,192,29,6,1,0,0,34,Low,41,Medium Risk,No,Improve consistency
STU3058,18,Female,CSE,119,578,7,1,0,1,0,78,Low,77.93,High Risk,Yes,"Attend mentoring, increase activity"
STU3059,18,Male,ECE,72,666,20,0,0,0,1,160,Low,78.4,High Risk,Yes,"Attend mentoring, increase activity"
STU3060,24,Female,EEE,79,99,21,1,0,0,1,74,Low,74.87,High Risk,Yes,"Attend mentoring, increase activity"
STU3061,19,Male,IT,107,320,17,2,0,0,0,159,Low,61.53,Medium Risk,No,Improve consistency
STU3062,21,Male,ECE,182,566,1,1,0,1,0,254,Low,73.13,High Risk,Yes,"Attend mentoring, increase activity"
STU3063,22,Female,IT,219,266,47,2,0,1,0,67,High,38.6,Low Risk,No,Maintain performance
STU3064,20,Male,ECE,43,542,43,9,0,0,0,165,Low,40.47,Medium Risk,No,Improve consistency
STU3065,23,Male,ECE,263,542,8,8,0,0,0,121,High,34.13,Low Risk,No,Maintain performance
STU3066,20,Female,EEE,208,61,2,3,1,1,0,132,Low,75.07,High Risk,Yes,"Attend mentoring, increase activity"
STU3067,23,Male,CSE,11,347,25,8,0,0,0,212,Low,57.53,Medium Risk,No,Improve consistency
STU3068,24,Female,EEE,53,180,20,2,1,0,1,13,Low,86.93,High Risk,Yes,"Attend mentoring, increase activity"
STU3069,19,Male,IT,30,76,29,0,0,0,0,138,Low,68.6,Medium Risk,No,Improve consistency
STU3070,18,Male,IT,165,634,27,4,1,0,1,35,High,63.8,Medium Risk,No,Improve consistency
STU3071,19,Male,ECE,180,309,35,9,1,0,0,298,Low,37,Low Risk,No,Maintain performance
STU3072,24,Male,ECE,83,681,25,9,0,1,0,36,Low,55.93,Medium Risk,No,Improve consistency
STU3073,21,Female,CSE,6,787,33,1,0,1,0,51,Low,77.4,High Risk,Yes,"Attend mentoring, increase activity"
STU3074,21,Male,EEE,136,241,7,3,0,0,0,80,Low,61.67,Medium Risk,No,Improve consistency
STU3075,24,Female,IT,280,77,9,1,0,0,0,73,Low,45.27,Medium Risk,No,Improve consistency
STU3076,23,Male,ECE,121,515,47,1,0,0,0,34,High,43.67,Medium Risk,No,Improve consistency
STU3077,22,Male,CSE,168,37,42,2,0,0,0,81,Low,38.4,Low Risk,No,Maintain performance
STU3078,22,Male,IT,292,637,49,4,1,0,0,277,High,23.67,Low Risk,No,Maintain performance
STU3079,23,Male,ECE,32,60,13,3,1,0,1,104,Low,91.93,High Risk,Yes,"Attend mentoring, increase activity"
STU3080,21,Female,IT,5,702,39,1,0,0,0,126,Low,63.93,Medium Risk,No,Improve consistency
STU3081,21,Female,CSE,192,269,14,9,0,0,0,173,Low,38,Low Risk,No,Maintain performance
STU3082,21,Female,CSE,60,600,16,1,0,0,0,287,Low,70.4,High Risk,Yes,"Attend mentoring, increase activity"
STU3083,19,Female,IT,39,794,17,5,0,0,1,74,Low,74.6,High Risk,Yes,"Attend mentoring, increase activity"
STU3084,21,Male,EEE,116,629,31,6,0,0,0,269,Low,43.93,Medium Risk,No,Improve consistency
STU3085,20,Female,IT,290,595,37,9,0,0,0,237,High,11.13,Low Risk,No,Maintain performance
STU3086,18,Female,ECE,40,696,22,5,1,0,0,209,Low,71.47,High Risk,Yes,"Attend mentoring, increase activity"
STU3087,21,Male,EEE,221,193,45,6,0,0,0,229,Low,21.53,Low Risk,No,Maintain performance
STU3088,23,Male,ECE,84,32,22,0,0,0,0,189,Low,65.6,Medium Risk,No,Improve consistency
STU3089,18,Male,IT,87,795,34,5,0,0,0,237,High,48,Medium Risk,No,Improve consistency
STU3090,19,Male,EEE,69,138,38,2,0,0,0,261,Low,54,Medium Risk,No,Improve consistency
STU3091,23,Female,ECE,132,300,14,0,0,0,0,13,Low,64,Medium Risk,No,Improve consistency
STU3092,18,Female,IT,26,510,23,7,0,0,0,150,Low,58.73,Medium Risk,No,Improve consistency
STU3093,23,Male,IT,220,195,27,3,0,1,0,175,Low,48.47,Medium Risk,No,Improve consistency
STU3094,19,Male,EEE,111,488,15,9,0,0,0,263,Low,48.2,Medium Risk,No,Improve consistency
STU3095,20,Male,IT,113,580,15,7,0,0,0,162,Low,51.93,Medium Risk,No,Improve consistency
STU3096,19,Female,CSE,185,501,39,9,0,0,1,76,High,33.93,Low Risk,No,Maintain performance
STU3097,19,Female,ECE,168,522,38,3,0,0,0,64,High,38.8,Low Risk,No,Maintain performance
STU3098,23,Male,ECE,72,652,5,3,0,0,0,105,Low,71.4,High Risk,Yes,"Attend mentoring, increase activity"
STU3099,24,Male,IT,296,76,1,9,0,0,0,176,Low,31.93,Low Risk,No,Maintain performance
STU3100,22,Female,IT,184,476,12,3,1,0,0,71,Low,62.27,Medium Risk,No,Improve consistency
STU3101,21,Male,CSE,185,294,43,5,0,0,0,183,Low,29.53,Low Risk,No,Maintain performance
STU3102,21,Male,EEE,173,610,46,8,1,1,1,262,High,53.33,Medium Risk,No,Improve consistency
STU3103,20,Female,IT,26,426,8,4,0,0,0,121,Low,73.73,High Risk,Yes,"Attend mentoring, increase activity"
STU3104,20,Male,IT,70,109,33,9,0,0,0,224,Low,42.87,Medium Risk,No,Improve consistency
STU3105,21,Female,IT,25,198,16,7,0,0,1,248,Low,73.07,High Risk,Yes,"Attend mentoring, increase activity"
STU3106,22,Male,IT,104,397,26,7,0,0,0,236,Low,46.53,Medium Risk,No,Improve consistency
STU3107,21,Male,ECE,107,250,28,3,0,0,1,239,Low,62.93,Medium Risk,No,Improve consistency
STU3108,24,Female,IT,51,791,36,9,0,0,0,242,High,43.6,Medium Risk,No,Improve consistency
STU3109,22,Female,ECE,43,740,42,8,0,0,0,172,Low,43.07,Medium Risk,No,Improve consistency
STU3110,20,Male,IT,289,426,21,8,0,0,0,135,High,22.87,Low Risk,No,Maintain performance
STU3111,18,Female,EEE,94,185,23,4,0,0,0,262,Low,55.67,Medium Risk,No,Improve consistency
STU3112,23,Male,CSE,89,396,6,5,0,0,1,208,Low,74.53,High Risk,Yes,"Attend mentoring, increase activity"
STU3113,24,Male,EEE,277,480,33,4,0,0,1,206,High,35.27,Low Risk,No,Maintain performance
STU3114,24,Female,IT,192,242,47,2,0,0,0,131,Low,32.2,Low Risk,No,Maintain performance
STU3115,20,Male,IT,163,672,11,7,0,0,1,273,Low,57.67,Medium Risk,No,Improve consistency
STU3116,20,Male,IT,247,461,22,8,0,0,0,63,High,27.87,Low Risk,No,Maintain performance
STU3117,19,Female,EEE,77,286,14,3,0,0,1,144,Low,75.33,High Risk,Yes,"Attend mentoring, increase activity"
STU3118,24,Female,IT,53,238,32,8,0,0,1,160,Low,57.73,Medium Risk,No,Improve consistency
STU3119,19,Male,EEE,105,180,12,8,0,1,0,109,Low,62.8,Medium Risk,No,Improve consistency
STU3120,19,Female,ECE,6,744,22,6,0,0,0,243,Low,64,Medium Risk,No,Improve consistency
STU3121,23,Female,CSE,248,222,37,7,0,1,1,41,Low,40.73,Medium Risk,No,Improve consistency
STU3122,19,Female,CSE,180,291,31,2,0,0,0,71,Low,43.4,Medium Risk,No,Improve consistency
STU3123,22,Female,EEE,242,50,44,4,0,0,1,205,Low,33.33,Low Risk,No,Maintain performance
STU3124,21,Male,ECE,63,131,49,2,1,0,0,39,Low,58.2,Medium Risk,No,Improve consistency
STU3125,18,Male,EEE,103,236,34,6,0,0,0,252,Low,43.87,Medium Risk,No,Improve consistency
STU3126,20,Male,ECE,6,303,0,5,0,0,0,115,Low,79.2,High Risk,Yes,"Attend mentoring, increase activity"
STU3127,22,Female,IT,247,609,46,2,0,0,0,142,High,25.47,Low Risk,No,Maintain performance
STU3128,18,Female,ECE,215,276,44,8,0,1,0,31,High,28.93,Low Risk,No,Maintain performance
STU3129,24,Female,ECE,127,550,4,0,0,0,0,165,Low,70.67,High Risk,Yes,"Attend mentoring, increase activity"
STU3130,24,Female,ECE,233,768,12,9,0,0,0,223,High,33.73,Low Risk,No,Maintain performance
STU3131,24,Female,CSE,86,460,4,2,0,0,1,235,Low,82.13,High Risk,Yes,"Attend mentoring, increase activity"
STU3132,22,Female,ECE,148,458,31,9,0,0,0,294,Low,33.67,Low Risk,No,Maintain performance
STU3133,22,Female,IT,144,765,20,6,0,0,1,180,High,56.8,Medium Risk,No,Improve consistency
STU3134,20,Male,IT,33,70,23,2,0,0,0,51,Low,67.8,Medium Risk,No,Improve consistency
STU3135,21,Male,IT,274,511,17,2,0,0,0,69,High,39.27,Low Risk,No,Maintain performance
STU3136,19,Female,ECE,251,156,20,1,0,0,1,86,Low,52.53,Medium Risk,No,Improve consistency
STU3137,24,Female,EEE,16,695,9,8,0,0,0,211,Low,66.47,Medium Risk,No,Improve consistency
STU3138,23,Female,EEE,110,799,23,3,0,0,1,229,High,65.53,Medium Risk,No,Improve consistency
STU3139,21,Male,IT,36,343,39,9,1,0,0,196,Low,53.8,Medium Risk,No,Improve consistency
STU3140,23,Male,CSE,78,151,46,5,0,1,0,105,Low,52,Medium Risk,No,Improve consistency
STU3141,20,Female,EEE,175,53,20,1,0,1,1,221,Low,72.67,High Risk,Yes,"Attend mentoring, increase activity"
STU3142,20,Female,ECE,73,153,24,8,0,0,0,271,Low,49.87,Medium Risk,No,Improve consistency
STU3143,20,Male,EEE,141,342,22,6,0,0,0,86,Low,46,Medium Risk,No,Improve consistency
STU3144,18,Male,IT,104,506,21,9,0,0,0,40,Low,45.53,Medium Risk,No,Improve consistency
STU3145,23,Male,CSE,150,405,3,4,0,0,1,48,Low,70.2,High Risk,Yes,"Attend mentoring, increase activity"
STU3146,21,Male,EEE,13,64,33,6,0,0,1,223,Low,66.47,Medium Risk,No,Improve consistency
STU3147,21,Female,EEE,66,316,5,3,0,1,0,135,Low,82.2,High Risk,Yes,"Attend mentoring, increase activity"
STU3148,22,Male,IT,189,432,27,9,0,0,1,174,Low,40.6,Medium Risk,No,Improve consistency
STU3149,22,Male,CSE,33,426,30,6,0,0,1,255,Low,65.6,Medium Risk,No,Improve consistency
STU3150,24,Female,CSE,118,682,34,1,0,0,1,118,High,61.87,Medium Risk,No,Improve consistency
STU3151,22,Male,IT,147,334,38,6,0,1,0,97,Low,45.6,Medium Risk,No,Improve consistency
STU3152,20,Male,ECE,124,719,41,3,0,1,0,209,High,52.87,Medium Risk,No,Improve consistency
STU3153,21,Male,EEE,174,680,22,3,0,0,1,280,High,57.6,Medium Risk,No,Improve consistency
STU3154,23,Female,ECE,161,89,5,0,0,0,0,60,Low,65.53,Medium Risk,No,Improve consistency
STU3155,20,Male,EEE,264,40,15,2,0,0,1,207,Low,51.8,Medium Risk,No,Improve consistency
STU3156,18,Female,EEE,86,121,1,4,0,0,0,32,Low,69.93,Medium Risk,No,Improve consistency
STU3157,22,Female,ECE,246,567,23,4,0,0,0,162,High,35.4,Low Risk,No,Maintain performance
STU3158,20,Male,IT,176,726,16,1,0,1,1,232,High,74.93,High Risk,Yes,"Attend mentoring, increase activity"
STU3159,20,Male,IT,235,573,44,3,0,0,1,230,High,36.27,Low Risk,No,Maintain performance
STU3160,18,Male,EEE,212,659,0,0,0,0,0,160,High,61.73,Medium Risk,No,Improve consistency
STU3161,19,Male,IT,79,481,5,8,0,0,0,275,Low,60.47,Medium Risk,No,Improve consistency
STU3162,21,Female,EEE,274,83,4,0,0,0,1,82,Low,61.07,Medium Risk,No,Improve consistency
STU3163,23,Male,IT,118,562,44,5,0,0,1,86,High,47.87,Medium Risk,No,Improve consistency
STU3164,24,Male,EEE,66,488,49,6,1,0,0,41,Low,49.8,Medium Risk,No,Improve consistency
STU3165,19,Male,IT,106,598,28,2,0,0,0,74,Low,55.07,Medium Risk,No,Improve consistency
STU3166,22,Female,CSE,214,396,11,0,0,0,1,27,Low,64.87,Medium Risk,No,Improve consistency
STU3167,20,Male,ECE,259,708,38,6,0,1,0,173,High,30.67,Low Risk,No,Maintain performance
STU3168,18,Male,CSE,24,573,46,2,0,0,1,296,Low,65.2,Medium Risk,No,Improve consistency
STU3169,18,Female,ECE,62,442,2,9,1,0,0,63,Low,72.53,High Risk,Yes,"Attend mentoring, increase activity"
STU3170,21,Female,ECE,116,421,47,5,0,0,0,72,Low,36.33,Low Risk,No,Maintain performance
STU3171,19,Male,EEE,200,476,0,5,0,0,0,266,Low,53.33,Medium Risk,No,Improve consistency
STU3172,24,Male,ECE,96,608,26,3,0,1,0,248,Low,65.6,Medium Risk,No,Improve consistency
STU3173,21,Male,CSE,56,630,47,5,0,0,1,18,Low,54.33,Medium Risk,No,Improve consistency
STU3174,20,Male,CSE,297,746,23,9,1,0,1,129,High,38.6,Low Risk,No,Maintain performance
STU3175,21,Male,IT,12,257,43,3,1,1,0,99,Low,76.6,High Risk,Yes,"Attend mentoring, increase activity"
STU3176,23,Female,CSE,102,590,18,7,0,0,1,184,Low,61.6,Medium Risk,No,Improve consistency
STU3177,18,Female,IT,240,129,7,8,0,0,0,12,Low,37.8,Low Risk,No,Maintain performance
STU3178,18,Male,ECE,73,76,43,1,0,0,1,139,Low,62.47,Medium Risk,No,Improve consistency
STU3179,22,Male,CSE,49,582,46,6,0,0,0,63,Low,43.87,Medium Risk,No,Improve consistency
STU3180,22,Female,ECE,141,336,1,8,0,0,0,193,Low,54.6,Medium Risk,No,Improve consistency
STU3181,24,Male,CSE,238,712,29,8,0,0,0,233,High,24.87,Low Risk,No,Maintain performance
STU3182,20,Male,CSE,36,479,29,4,1,0,0,21,Low,69.8,Medium Risk,No,Improve consistency
STU3183,23,Male,IT,293,502,48,0,0,0,1,204,High,32.13,Low Risk,No,Maintain performance
STU3184,19,Male,ECE,130,710,38,5,0,0,0,256,High,39.87,Low Risk,No,Maintain performance
STU3185,21,Male,CSE,71,672,44,7,0,1,0,163,High,50.13,Medium Risk,No,Improve consistency
STU3186,24,Female,EEE,34,295,31,0,1,1,0,87,Low,86.87,High Risk,Yes,"Attend mentoring, increase activity"
STU3187,20,Male,ECE,118,617,0,1,0,0,0,149,Low,72.27,High Risk,Yes,"Attend mentoring, increase activity"
STU3188,22,Male,ECE,208,321,37,0,0,0,0,99,Low,40.07,Medium Risk,No,Improve consistency
STU3189,21,Male,ECE,33,318,12,4,0,0,0,153,Low,70.4,High Risk,Yes,"Attend mentoring, increase activity"
STU3190,22,Female,IT,135,784,10,1,1,1,0,81,High,84,High Risk,Yes,"Attend mentoring, increase activity"
STU3191,21,Female,EEE,189,106,9,9,1,1,1,186,Low,71.4,High Risk,Yes,"Attend mentoring, increase activity"
STU3192,19,Female,ECE,257,122,47,9,0,1,0,272,Low,19.53,Low Risk,No,Maintain performance
STU3193,20,Female,CSE,290,646,25,3,0,1,0,280,High,40.33,Medium Risk,No,Improve consistency
STU3194,21,Male,CSE,66,465,19,0,0,0,1,114,Low,79.8,High Risk,Yes,"Attend mentoring, increase activity"
STU3195,23,Female,IT,7,472,16,6,0,0,1,81,Low,77.47,High Risk,Yes,"Attend mentoring, increase activity"
STU3196,24,Male,CSE,72,141,16,7,0,0,1,83,Low,66.8,Medium Risk,No,Improve consistency
STU3197,18,Male,ECE,29,130,3,4,0,0,0,152,Low,76.33,High Risk,Yes,"Attend mentoring, increase activity"
STU3198,23,Female,CSE,183,206,4,1,0,0,0,71,Low,61.2,Medium Risk,No,Improve consistency
STU3199,23,Female,ECE,145,491,22,7,1,0,1,155,Low,63.47,Medium Risk,No,Improve consistency
STU3200,24,Female,CSE,235,643,45,0,0,1,0,55,High,41.67,Medium Risk,No,Improve consistency
STU3201,18,Female,EEE,167,781,9,6,0,0,0,238,High,50.33,Medium Risk,No,Improve consistency
STU3202,23,Female,IT,134,48,45,0,0,1,0,114,Low,55.13,Medium Risk,No,Improve consistency
STU3203,21,Male,IT,250,575,27,5,1,0,0,118,High,40.47,Medium Risk,No,Improve consistency
STU3204,21,Female,EEE,176,521,32,5,0,0,1,130,High,47.33,Medium Risk,No,Improve consistency
STU3205,21,Female,EEE,68,483,42,4,0,0,0,52,Low,47.73,Medium Risk,No,Improve consistency
STU3206,18,Female,IT,35,170,25,1,0,0,1,108,Low,78.33,High Risk,Yes,"Attend mentoring, increase activity"
STU3207,23,Male,EEE,51,298,49,1,0,0,0,203,Low,51.8,Medium Risk,No,Improve consistency
STU3208,18,Female,ECE,134,209,47,8,0,0,1,223,Low,37.93,Low Risk,No,Maintain performance
STU3209,21,Male,CSE,114,797,28,4,1,1,0,238,High,70,Medium Risk,No,Improve consistency
STU3210,24,Female,IT,73,537,26,4,1,0,0,194,Low,66.67,Medium Risk,No,Improve consistency
STU3211,23,Female,EEE,62,694,17,6,1,0,0,121,Low,69.53,Medium Risk,No,Improve consistency
STU3212,23,Male,ECE,110,512,39,5,0,1,1,281,Low,61.93,Medium Risk,No,Improve consistency
STU3213,22,Female,IT,260,257,9,1,1,0,1,111,Low,67.93,Medium Risk,No,Improve consistency
STU3214,22,Male,EEE,175,392,41,0,1,0,0,219,Low,52.07,Medium Risk,No,Improve consistency
STU3215,19,Male,IT,166,227,4,4,1,0,0,236,Low,67.47,Medium Risk,No,Improve consistency
STU3216,20,Male,EEE,290,96,9,3,0,0,1,290,Low,49.93,Medium Risk,No,Improve consistency
STU3217,22,Female,IT,75,91,49,2,0,0,1,31,Low,56.6,Medium Risk,No,Improve consistency
STU3218,18,Female,ECE,259,71,20,1,0,0,0,257,Low,41.47,Medium Risk,No,Improve consistency
STU3219,22,Female,ECE,59,509,23,9,1,0,1,168,Low,70.33,High Risk,Yes,"Attend mentoring, increase activity"
STU3220,19,Male,CSE,7,51,37,1,0,0,0,238,Low,64.87,Medium Risk,No,Improve consistency
STU3221,23,Female,IT,30,21,2,3,0,0,0,196,Low,78.8,High Risk,Yes,"Attend mentoring, increase activity"
STU3222,19,Male,CSE,130,755,39,1,1,0,0,152,High,57.27,Medium Risk,No,Improve consistency
STU3223,23,Female,IT,57,652,30,3,0,1,1,33,Low,78.4,High Risk,Yes,"Attend mentoring, increase activity"
STU3224,24,Male,EEE,202,124,40,2,0,0,0,150,Low,35.07,Low Risk,No,Maintain performance
STU3225,24,Male,EEE,192,227,36,8,1,0,0,249,Low,36.8,Low Risk,No,Maintain performance
STU3226,23,Male,CSE,190,658,1,6,1,1,1,91,Low,82.07,High Risk,Yes,"Attend mentoring, increase activity"
STU3227,20,Female,IT,208,115,1,2,0,1,0,57,Low,67.67,Medium Risk,No,Improve consistency
STU3228,22,Male,CSE,15,700,38,7,1,1,1,180,Low,81.2,High Risk,Yes,"Attend mentoring, increase activity"
STU3229,18,Male,ECE,150,537,48,8,0,1,1,271,High,45.2,Medium Risk,No,Improve consistency
STU3230,18,Male,CSE,89,481,41,6,0,0,1,77,Low,51.53,Medium Risk,No,Improve consistency
STU3231,21,Male,CSE,104,763,43,5,0,0,0,23,High,40.33,Medium Risk,No,Improve consistency
STU3232,23,Male,EEE,108,396,33,3,0,0,0,39,Low,49.8,Medium Risk,No,Improve consistency
STU3233,18,Male,CSE,50,235,41,4,0,0,1,119,Low,60.73,Medium Risk,No,Improve consistency
STU3234,20,Female,IT,48,490,19,7,0,0,0,221,Low,58.2,Medium Risk,No,Improve consistency
STU3235,23,Female,EEE,282,763,32,2,1,0,0,273,High,39.2,Low Risk,No,Maintain performance
STU3236,20,Male,CSE,185,417,3,1,0,0,1,211,Low,71.53,High Risk,Yes,"Attend mentoring, increase activity"
STU3237,18,Female,ECE,191,466,44,2,1,0,0,93,High,44.13,Medium Risk,No,Improve consistency
STU3238,18,Female,CSE,118,662,43,6,0,0,1,62,High,46.47,Medium Risk,No,Improve consistency
STU3239,21,Male,CSE,259,720,10,7,0,0,0,265,High,35.47,Low Risk,No,Maintain performance
STU3240,18,Male,CSE,34,633,41,0,1,0,0,83,Low,70.87,High Risk,Yes,"Attend mentoring, increase activity"
STU3241,23,Male,EEE,268,648,46,6,1,0,0,229,High,24.67,Low Risk,No,Maintain performance
STU3242,24,Female,IT,102,30,4,8,0,1,0,152,Low,68,Medium Risk,No,Improve consistency
STU3243,23,Male,ECE,119,668,24,2,0,1,0,109,Low,65.73,Medium Risk,No,Improve consistency
STU3244,23,Female,CSE,280,610,48,2,0,0,1,138,High,29.87,Low Risk,No,Maintain performance
STU3245,21,Male,IT,285,212,36,7,0,1,0,228,High,26.4,Low Risk,No,Maintain performance
STU3246,21,Female,IT,279,426,33,3,1,0,0,280,High,37,Low Risk,No,Maintain performance
STU3247,18,Male,EEE,265,425,8,7,0,0,1,31,Low,45.87,Medium Risk,No,Improve consistency
STU3248,19,Male,ECE,211,457,5,4,0,0,0,187,Low,50.87,Medium Risk,No,Improve consistency
STU3249,19,Female,EEE,215,521,17,2,0,0,0,57,High,47.13,Medium Risk,No,Improve consistency
STU3250,21,Female,IT,219,94,13,3,0,1,1,126,Low,67,Medium Risk,No,Improve consistency
STU3251,18,Female,IT,44,176,18,3,0,0,0,188,Low,67.33,Medium Risk,No,Improve consistency
STU3252,19,Female,IT,30,393,13,7,0,1,1,282,Low,84.2,High Risk,Yes,"Attend mentoring, increase activity"
STU3253,18,Female,EEE,31,477,39,5,0,0,1,188,Low,62.47,Medium Risk,No,Improve consistency
STU3254,18,Female,ECE,194,81,16,6,0,1,1,58,Low,62.53,Medium Risk,No,Improve consistency
STU3255,18,Male,CSE,87,530,34,8,0,1,1,264,Low,62,Medium Risk,No,Improve consistency
STU3256,22,Female,EEE,174,482,28,5,0,0,0,39,Low,40,Low Risk,No,Maintain performance
STU3257,23,Male,IT,171,267,41,2,1,0,1,94,Low,58.6,Medium Risk,No,Improve consistency
STU3258,18,Male,EEE,192,284,16,2,1,0,1,286,Low,70.8,High Risk,Yes,"Attend mentoring, increase activity"
STU3259,22,Female,IT,173,759,42,2,0,1,0,43,High,47.73,Medium Risk,No,Improve consistency
STU3260,21,Male,CSE,293,29,7,9,0,0,0,107,Low,28.73,Low Risk,No,Maintain performance
STU3261,19,Female,CSE,233,499,0,1,1,0,1,85,Low,76.93,High Risk,Yes,"Attend mentoring, increase activity"
STU3262,23,Female,ECE,101,754,44,0,0,0,0,184,High,50.13,Medium Risk,No,Improve consistency
STU3263,24,Male,IT,20,499,35,9,0,0,1,258,Low,58.33,Medium Risk,No,Improve consistency
STU3264,19,Male,ECE,283,742,6,0,0,0,0,143,High,48.67,Medium Risk,No,Improve consistency
STU3265,23,Female,ECE,139,335,45,3,0,0,0,187,Low,38.47,Low Risk,No,Maintain performance
STU3266,24,Female,CSE,30,538,4,2,0,1,0,237,Low,89.6,High Risk,Yes,"Attend mentoring, increase activity"
STU3267,19,Male,EEE,16,98,23,4,0,0,0,72,Low,66.07,Medium Risk,No,Improve consistency
STU3268,23,Male,EEE,76,495,27,8,0,0,0,277,Low,47.67,Medium Risk,No,Improve consistency
STU3269,19,Male,ECE,137,717,42,7,0,0,0,267,High,32.53,Low Risk,No,Maintain performance
STU3270,19,Male,CSE,110,359,16,8,1,0,0,153,Low,59.73,Medium Risk,No,Improve consistency
STU3271,24,Female,IT,224,93,36,4,0,1,1,61,Low,50.53,Medium Risk,No,Improve consistency
STU3272,19,Female,EEE,181,396,19,7,0,0,0,108,Low,40.47,Medium Risk,No,Improve consistency
STU3273,19,Female,ECE,286,96,2,3,1,0,1,54,Low,64.67,Medium Risk,No,Improve consistency
STU3274,24,Female,EEE,137,316,36,4,0,0,0,51,Low,42.13,Medium Risk,No,Improve consistency
STU3275,21,Male,EEE,26,163,25,2,0,1,0,66,Low,77.53,High Risk,Yes,"Attend mentoring, increase activity"
STU3276,18,Male,IT,273,449,14,4,1,1,0,42,High,57.2,Medium Risk,No,Improve consistency
STU3277,20,Female,CSE,165,749,47,2,0,0,0,123,High,35.8,Low Risk,No,Maintain performance
STU3278,22,Female,IT,111,273,7,4,0,0,0,123,Low,63,Medium Risk,No,Improve consistency
STU3279,20,Female,CSE,283,744,12,4,1,0,0,65,High,47.07,Medium Risk,No,Improve consistency
STU3280,20,Female,EEE,239,430,47,5,0,0,0,53,High,19.93,Low Risk,No,Maintain performance
STU3281,23,Female,ECE,22,502,2,8,0,0,0,221,Low,69.87,Medium Risk,No,Improve consistency
STU3282,18,Female,IT,246,642,0,0,1,1,0,43,High,77.2,High Risk,Yes,"Attend mentoring, increase activity"
STU3283,23,Female,CSE,121,420,8,9,1,1,1,279,Low,81.07,High Risk,Yes,"Attend mentoring, increase activity"
STU3284,18,Female,EEE,290,182,30,5,1,1,0,205,Low,43.33,Medium Risk,No,Improve consistency
STU3285,24,Female,CSE,286,13,40,0,0,0,1,134,Low,37.87,Low Risk,No,Maintain performance
STU3286,24,Male,CSE,148,649,25,5,0,0,0,88,High,45.27,Medium Risk,No,Improve consistency
STU3287,18,Female,CSE,209,481,16,1,0,0,0,264,Low,50.53,Medium Risk,No,Improve consistency
STU3288,19,Male,EEE,43,119,33,7,0,0,0,154,Low,50.47,Medium Risk,No,Improve consistency
STU3289,21,Male,ECE,158,46,8,2,0,0,0,92,Low,60.13,Medium Risk,No,Improve consistency
STU3290,19,Female,ECE,180,592,12,9,0,0,1,239,Low,50.8,Medium Risk,No,Improve consistency
STU3291,21,Female,ECE,245,40,4,5,0,0,0,146,Low,44.93,Medium Risk,No,Improve consistency
STU3292,23,Male,CSE,138,390,40,5,0,0,0,36,Low,37.6,Low Risk,No,Maintain performance
STU3293,21,Male,EEE,50,277,12,3,0,0,0,186,Low,70.13,High Risk,Yes,"Attend mentoring, increase activity"
STU3294,23,Female,CSE,54,20,0,4,0,0,0,216,Low,74.8,High Risk,Yes,"Attend mentoring, increase activity"
STU3295,24,Male,ECE,170,353,24,1,1,0,1,222,Low,70.93,High Risk,Yes,"Attend mentoring, increase activity"
STU3296,20,Female,ECE,110,553,46,9,0,0,0,46,High,29.73,Low Risk,No,Maintain performance
STU3297,24,Female,EEE,220,578,3,9,0,0,0,188,Low,40.87,Medium Risk,No,Improve consistency
STU3298,24,Female,CSE,150,175,35,7,1,0,0,169,Low,45,Medium Risk,No,Improve consistency
STU3299,20,Male,IT,76,709,9,9,0,1,0,21,Low,66.47,Medium Risk,No,Improve consistency
STU3300,21,Male,IT,277,351,27,6,0,1,0,178,High,34.87,Low Risk,No,Maintain performance
STU3301,21,Female,ECE,251,491,5,9,0,0,0,89,High,35.53,Low Risk,No,Maintain performance
STU3302,23,Male,EEE,190,28,26,5,1,0,0,23,Low,49.07,Medium Risk,No,Improve consistency
STU3303,19,Male,CSE,74,637,11,6,0,0,1,63,Low,71.53,High Risk,Yes,"Attend mentoring, increase activity"
STU3304,23,Male,CSE,154,193,47,0,0,0,0,263,Low,41.27,Medium Risk,No,Improve consistency
STU3305,19,Male,ECE,250,791,2,4,1,0,0,74,High,57.47,Medium Risk,No,Improve consistency
STU3306,24,Male,ECE,266,554,45,6,1,0,0,67,High,25.53,Low Risk,No,Maintain performance
STU3307,20,Male,CSE,30,19,32,0,0,0,0,105,Low,66.8,Medium Risk,No,Improve consistency
STU3308,24,Male,CSE,144,601,9,1,1,0,1,30,Low,83.4,High Risk,Yes,"Attend mentoring, increase activity"
STU3309,18,Female,ECE,103,201,30,8,1,1,0,269,Low,62.27,Medium Risk,No,Improve consistency
STU3310,21,Male,CSE,282,329,14,2,0,0,1,82,Low,50,Medium Risk,No,Improve consistency
STU3311,19,Male,IT,55,711,6,5,0,0,0,257,Low,69.07,Medium Risk,No,Improve consistency
STU3312,23,Male,ECE,155,589,35,6,0,1,0,136,High,46.33,Medium Risk,No,Improve consistency
STU3313,20,Male,CSE,108,484,13,8,0,1,0,55,Low,61.8,Medium Risk,No,Improve consistency
STU3314,19,Male,ECE,93,646,47,4,1,0,0,277,High,51.4,Medium Risk,No,Improve consistency
STU3315,23,Male,EEE,145,436,13,3,0,1,0,137,Low,66.87,Medium Risk,No,Improve consistency
STU3316,21,Male,ECE,217,68,2,1,1,0,0,39,Low,67.87,Medium Risk,No,Improve consistency
STU3317,24,Male,ECE,237,445,48,2,0,0,0,103,High,25.6,Low Risk,No,Maintain performance
STU3318,21,Female,EEE,187,106,45,4,0,0,1,233,Low,40.07,Medium Risk,No,Improve consistency
STU3319,22,Male,IT,255,505,49,1,0,0,1,109,High,34.6,Low Risk,No,Maintain performance
STU3320,18,Male,CSE,13,796,2,3,0,0,0,80,Low,81.07,High Risk,Yes,"Attend mentoring, increase activity"
STU3321,22,Male,EEE,83,670,21,0,1,0,0,90,Low,76.33,High Risk,Yes,"Attend mentoring, increase activity"
STU3322,20,Male,ECE,56,287,18,3,0,0,0,117,Low,65.73,Medium Risk,No,Improve consistency
STU3323,19,Female,CSE,273,274,34,6,0,0,1,111,High,31.2,Low Risk,No,Maintain performance
STU3324,20,Female,EEE,230,18,11,2,0,0,0,100,Low,48.73,Medium Risk,No,Improve consistency
STU3325,24,Female,CSE,55,466,4,9,1,1,0,25,Low,82.27,High Risk,Yes,"Attend mentoring, increase activity"
STU3326,23,Female,CSE,190,282,9,7,1,0,0,119,Low,55.27,Medium Risk,No,Improve consistency
STU3327,21,Female,EEE,38,17,40,5,0,0,0,272,Low,50.93,Medium Risk,No,Improve consistency
STU3328,22,Female,CSE,295,217,32,5,0,0,1,169,High,31.47,Low Risk,No,Maintain performance
STU3329,22,Female,IT,234,646,12,0,0,0,1,262,High,61.6,Medium Risk,No,Improve consistency
STU3330,24,Female,EEE,135,132,34,4,0,0,0,98,Low,43.6,Medium Risk,No,Improve consistency
STU3331,22,Female,IT,124,42,31,2,0,0,0,104,Low,50.87,Medium Risk,No,Improve consistency
STU3332,24,Female,ECE,251,522,10,9,0,1,0,281,High,42.53,Medium Risk,No,Improve consistency
STU3333,20,Female,CSE,196,213,47,0,0,0,0,256,Low,35.67,Low Risk,No,Maintain performance
STU3334,21,Female,ECE,214,527,37,7,0,0,0,215,High,25.27,Low Risk,No,Maintain performance
STU3335,19,Female,ECE,107,526,23,6,0,0,0,295,Low,49.93,Medium Risk,No,Improve consistency
STU3336,23,Female,CSE,137,452,34,6,0,0,1,257,Low,49.33,Medium Risk,No,Improve consistency
STU3337,19,Female,EEE,143,601,18,9,0,0,1,76,Low,52.13,Medium Risk,No,Improve consistency
STU3338,20,Female,CSE,125,795,5,9,0,1,0,55,Low,62.33,Medium Risk,No,Improve consistency
STU3339,23,Male,ECE,98,698,39,9,0,1,0,52,High,45.53,Medium Risk,No,Improve consistency
STU3340,22,Female,ECE,133,348,44,3,0,0,0,238,Low,39.87,Low Risk,No,Maintain performance
STU3341,18,Male,EEE,95,447,43,5,0,0,1,243,Low,51.53,Medium Risk,No,Improve consistency
STU3342,20,Female,CSE,96,454,41,8,1,1,1,208,Low,66.6,Medium Risk,No,Improve consistency
STU3343,20,Female,ECE,67,145,34,2,0,0,0,41,Low,56.67,Medium Risk,No,Improve consistency
STU3344,21,Male,IT,33,396,3,8,1,0,1,273,Low,87.8,High Risk,Yes,"Attend mentoring, increase activity"
STU3345,19,Female,ECE,214,34,32,3,0,1,1,122,Low,56.27,Medium Risk,No,Improve consistency
STU3346,20,Male,ECE,16,515,12,4,0,0,0,285,Low,72.67,High Risk,Yes,"Attend mentoring, increase activity"
STU3347,20,Male,EEE,134,334,35,6,0,0,0,155,Low,39.13,Low Risk,No,Maintain performance
STU3348,22,Male,IT,297,704,42,5,0,0,0,15,High,15.2,Low Risk,No,Maintain performance
STU3349,22,Female,ECE,177,689,18,9,0,0,0,117,High,37.6,Low Risk,No,Maintain performance
STU3350,23,Female,ECE,212,347,42,7,0,0,0,269,High,22.53,Low Risk,No,Maintain performance
STU3351,24,Female,IT,28,699,11,7,0,1,0,80,Low,75.67,High Risk,Yes,"Attend mentoring, increase activity"
STU3352,24,Male,CSE,103,104,10,7,1,0,0,171,Low,66.27,Medium Risk,No,Improve consistency
STU3353,18,Male,CSE,143,554,5,2,0,0,1,109,Low,73.93,High Risk,Yes,"Attend mentoring, increase activity"
STU3354,24,Female,ECE,178,632,11,9,0,0,0,42,Low,41.67,Medium Risk,No,Improve consistency
STU3355,21,Female,ECE,33,155,26,5,0,0,0,152,Low,60,Medium Risk,No,Improve consistency
STU3356,18,Female,CSE,147,240,40,6,0,0,0,253,Low,34.4,Low Risk,No,Maintain performance
STU3357,23,Female,EEE,46,793,24,8,0,1,0,233,Low,63.47,Medium Risk,No,Improve consistency
STU3358,22,Female,IT,212,504,41,9,0,0,0,223,High,19.13,Low Risk,No,Maintain performance
STU3359,24,Male,IT,196,47,2,9,0,0,0,129,Low,44.67,Medium Risk,No,Improve consistency
STU3360,19,Male,EEE,164,434,2,3,0,0,0,177,Low,60.93,Medium Risk,No,Improve consistency
STU3361,22,Male,EEE,68,656,19,4,0,1,1,226,Low,81.53,High Risk,Yes,"Attend mentoring, increase activity"
STU3362,21,Female,EEE,247,756,27,7,0,0,1,226,High,36.87,Low Risk,No,Maintain performance
STU3363,22,Male,EEE,262,446,22,0,1,0,1,63,High,61.87,Medium Risk,No,Improve consistency
STU3364,21,Male,EEE,156,377,47,5,1,0,0,217,Low,41,Medium Risk,No,Improve consistency
STU3365,21,Male,EEE,219,354,2,3,1,0,0,89,Low,63.6,Medium Risk,No,Improve consistency
STU3366,21,Male,IT,170,169,41,4,0,1,0,160,Low,44.73,Medium Risk,No,Improve consistency
STU3367,23,Male,EEE,35,559,23,4,0,0,1,64,Low,73.53,High Risk,Yes,"Attend mentoring, increase activity"
STU3368,21,Female,CSE,236,671,42,1,0,0,0,14,High,31.33,Low Risk,No,Maintain performance
STU3369,21,Male,EEE,286,550,39,7,0,1,1,44,High,34.47,Low Risk,No,Maintain performance
STU3370,19,Female,EEE,33,153,5,1,0,1,0,128,Low,90.6,High Risk,Yes,"Attend mentoring, increase activity"
STU3371,18,Female,IT,199,597,19,3,1,0,1,206,High,66.07,Medium Risk,No,Improve consistency
STU3372,20,Female,IT,260,666,10,4,0,0,1,63,High,51.33,Medium Risk,No,Improve consistency
STU3373,18,Female,EEE,285,750,31,0,0,0,0,268,High,33.4,Low Risk,No,Maintain performance
STU3374,21,Female,IT,298,585,26,5,0,0,1,271,High,34.67,Low Risk,No,Maintain performance
STU3375,19,Male,ECE,91,354,20,1,0,1,0,11,Low,73.87,High Risk,Yes,"Attend mentoring, increase activity"
STU3376,22,Male,IT,153,278,43,4,0,1,1,91,Low,55.8,Medium Risk,No,Improve consistency
STU3377,19,Female,IT,253,705,47,5,0,0,1,14,High,28.07,Low Risk,No,Maintain performance
STU3378,21,Female,IT,287,782,49,7,0,0,1,183,High,18.33,Low Risk,No,Maintain performance
STU3379,19,Female,IT,202,277,12,8,0,0,0,148,Low,39.87,Low Risk,No,Maintain performance
STU3380,24,Male,CSE,48,178,21,5,0,0,0,202,Low,61,Medium Risk,No,Improve consistency
STU3381,19,Female,CSE,32,780,34,4,0,1,1,147,Low,77.33,High Risk,Yes,"Attend mentoring, increase activity"
STU3382,21,Male,CSE,21,748,46,3,1,0,1,125,Low,73.6,High Risk,Yes,"Attend mentoring, increase activity"
STU3383,23,Female,EEE,131,42,21,1,0,0,0,53,Low,57.93,Medium Risk,No,Improve consistency
STU3384,24,Male,EEE,172,386,27,1,0,0,0,298,Low,48.87,Medium Risk,No,Improve consistency
STU3385,19,Female,ECE,248,223,20,6,1,1,0,228,Low,52.93,Medium Risk,No,Improve consistency
STU3386,20,Male,CSE,80,571,45,4,0,0,1,65,Low,54.33,Medium Risk,No,Improve consistency
STU3387,20,Female,EEE,235,449,17,6,0,1,1,251,High,56.47,Medium Risk,No,Improve consistency
STU3388,19,Male,IT,208,501,30,0,0,1,0,267,High,54.27,Medium Risk,No,Improve consistency
STU3389,23,Male,IT,252,402,45,0,1,0,0,10,High,39.4,Low Risk,No,Maintain performance
STU3390,22,Male,CSE,218,498,36,4,0,0,0,298,High,31.33,Low Risk,No,Maintain performance
STU3391,21,Male,ECE,219,731,20,1,0,0,0,112,High,46.8,Medium Risk,No,Improve consistency
STU3392,20,Male,ECE,162,38,13,7,0,0,1,158,Low,56.6,Medium Risk,No,Improve consistency
STU3393,22,Male,IT,73,48,24,2,0,1,0,93,Low,71.87,High Risk,Yes,"Attend mentoring, increase activity"
STU3394,19,Male,ECE,89,621,26,0,1,0,0,35,Low,72.53,High Risk,Yes,"Attend mentoring, increase activity"
STU3395,22,Female,CSE,271,182,39,1,0,0,1,184,High,38.47,Low Risk,No,Maintain performance
STU3396,24,Female,IT,73,26,22,9,0,0,0,232,Low,49.07,Medium Risk,No,Improve consistency
STU3397,18,Female,EEE,103,65,30,9,0,0,0,138,Low,40.27,Medium Risk,No,Improve consistency
STU3398,20,Female,EEE,220,235,46,6,0,0,1,151,Low,31.07,Low Risk,No,Maintain performance
STU3399,19,Female,ECE,165,567,28,5,1,0,0,144,High,51.2,Medium Risk,No,Improve consistency
STU3400,21,Male,IT,98,76,46,7,1,0,1,64,Low,55.33,Medium Risk,No,Improve consistency
STU3401,23,Male,IT,178,206,29,6,0,0,0,65,Low,36.87,Low Risk,No,Maintain performance
STU3402,24,Male,EEE,169,663,25,9,1,0,1,85,High,54.47,Medium Risk,No,Improve consistency
STU3403,19,Male,IT,119,32,19,7,0,0,0,141,Low,48.73,Medium Risk,No,Improve consistency
STU3404,21,Male,IT,224,615,37,2,1,0,0,51,High,43.93,Medium Risk,No,Improve consistency
STU3405,23,Female,IT,35,763,18,5,0,1,0,119,Low,74.53,High Risk,Yes,"Attend mentoring, increase activity"
STU3406,23,Female,ECE,15,246,26,6,0,0,1,79,Low,70.4,High Risk,Yes,"Attend mentoring, increase activity"
STU3407,19,Female,IT,134,575,24,9,0,0,1,293,Low,49.73,Medium Risk,No,Improve consistency
STU3408,24,Female,CSE,109,147,39,0,0,0,0,135,Low,52.07,Medium Risk,No,Improve consistency
STU3409,22,Male,ECE,31,482,37,0,0,0,0,188,Low,63.67,Medium Risk,No,Improve consistency
STU3410,22,Male,IT,231,793,22,6,1,0,0,206,High,44,Medium Risk,No,Improve consistency
STU3411,23,Male,IT,6,562,28,2,1,1,0,270,Low,88.4,High Risk,Yes,"Attend mentoring, increase activity"
STU3412,22,Female,CSE,105,619,14,2,0,0,1,110,Low,73.6,High Risk,Yes,"Attend mentoring, increase activity"
STU3413,18,Male,ECE,25,704,2,4,0,0,0,70,Low,77.47,High Risk,Yes,"Attend mentoring, increase activity"
STU3414,23,Female,EEE,62,649,9,5,1,0,1,192,Low,86.33,High Risk,Yes,"Attend mentoring, increase activity"
STU3415,23,Male,EEE,184,238,14,1,0,0,1,18,Low,65.07,Medium Risk,No,Improve consistency
STU3416,21,Male,ECE,24,326,15,2,0,0,0,215,Low,73.8,High Risk,Yes,"Attend mentoring, increase activity"
STU3417,22,Female,IT,259,607,16,5,0,0,1,63,High,45.87,Medium Risk,No,Improve consistency
STU3418,24,Male,IT,42,777,18,2,0,1,0,189,Low,79.6,High Risk,Yes,"Attend mentoring, increase activity"
STU3419,23,Male,EEE,152,730,10,4,0,0,0,113,High,55.73,Medium Risk,No,Improve consistency
STU3420,24,Female,EEE,29,736,47,8,0,0,1,135,Low,51.93,Medium Risk,No,Improve consistency
STU3421,18,Male,EEE,125,621,4,2,0,1,0,43,Low,76.93,High Risk,Yes,"Attend mentoring, increase activity"
STU3422,21,Female,CSE,30,570,4,5,0,1,0,174,Low,83.6,High Risk,Yes,"Attend mentoring, increase activity"
STU3423,19,Male,EEE,173,210,13,4,1,1,1,279,Low,81.13,High Risk,Yes,"Attend mentoring, increase activity"
STU3424,24,Male,CSE,229,267,49,4,0,0,0,298,High,22.07,Low Risk,No,Maintain performance
STU3425,23,Male,ECE,5,489,25,5,0,0,0,127,Low,64.33,Medium Risk,No,Improve consistency
STU3426,18,Male,IT,265,187,7,5,0,1,1,101,Low,60.47,Medium Risk,No,Improve consistency
STU3427,20,Male,EEE,17,766,4,0,0,0,0,109,Low,85.33,High Risk,Yes,"Attend mentoring, increase activity"
STU3428,18,Male,IT,52,132,6,8,0,0,1,96,Low,73.47,High Risk,Yes,"Attend mentoring, increase activity"
STU3429,18,Male,IT,295,351,15,4,0,0,0,243,High,33.67,Low Risk,No,Maintain performance
STU3430,21,Male,EEE,98,180,13,0,0,0,0,133,Low,69.13,Medium Risk,No,Improve consistency
STU3431,19,Female,EEE,265,657,36,7,0,1,1,212,High,39.07,Low Risk,No,Maintain performance
STU3432,20,Female,ECE,282,68,40,6,0,1,0,41,Low,26.4,Low Risk,No,Maintain performance
STU3433,22,Male,CSE,209,714,3,6,0,1,1,48,High,68.33,Medium Risk,No,Improve consistency
STU3434,22,Male,CSE,189,474,35,4,0,0,1,103,High,45.8,Medium Risk,No,Improve consistency
STU3435,24,Female,IT,179,789,47,0,0,0,1,19,High,47.93,Medium Risk,No,Improve consistency
STU3436,18,Male,EEE,73,269,16,8,1,1,0,224,Low,74.67,High Risk,Yes,"Attend mentoring, increase activity"
STU3437,21,Male,ECE,108,382,46,8,0,1,0,109,Low,42,Medium Risk,No,Improve consistency
STU3438,21,Female,ECE,250,104,35,7,0,0,1,253,Low,31.67,Low Risk,No,Maintain performance
STU3439,22,Male,ECE,165,134,5,4,0,0,0,67,Low,57,Medium Risk,No,Improve consistency
STU3440,24,Male,ECE,204,50,15,2,1,1,0,28,Low,69.8,Medium Risk,No,Improve consistency
STU3441,24,Female,ECE,220,263,28,7,0,0,0,126,Low,29.87,Low Risk,No,Maintain performance
STU3442,24,Male,CSE,216,16,35,0,0,0,0,145,Low,40.2,Medium Risk,No,Improve consistency
STU3443,20,Male,CSE,20,480,37,2,0,0,0,22,Low,61.13,Medium Risk,No,Improve consistency
STU3444,19,Female,CSE,209,737,36,6,0,0,1,110,High,38.53,Low Risk,No,Maintain performance
STU3445,20,Male,EEE,43,520,47,3,0,0,0,164,Low,50.07,Medium Risk,No,Improve consistency
STU3446,23,Female,IT,93,590,47,6,0,0,0,91,High,37.4,Low Risk,No,Maintain performance
STU3447,23,Male,ECE,260,78,9,4,0,0,1,97,Low,51.93,Medium Risk,No,Improve consistency
STU3448,19,Male,EEE,258,90,40,5,1,0,0,114,Low,31.6,Low Risk,No,Maintain performance
STU3449,22,Female,ECE,220,551,35,6,0,0,1,139,High,37.67,Low Risk,No,Maintain performance
STU3450,19,Female,CSE,176,594,28,9,0,0,0,281,High,31.73,Low Risk,No,Maintain performance
STU3451,21,Male,EEE,141,271,13,6,0,0,1,23,Low,61.4,Medium Risk,No,Improve consistency
STU3452,23,Female,CSE,182,98,3,6,1,0,0,137,Low,61.93,Medium Risk,No,Improve consistency
STU3453,18,Female,ECE,81,217,43,6,0,0,1,69,Low,51.4,Medium Risk,No,Improve consistency
STU3454,18,Male,ECE,192,222,41,6,1,0,0,236,Low,37.8,Low Risk,No,Maintain performance
STU3455,22,Male,IT,19,275,35,2,0,0,0,26,Low,62.47,Medium Risk,No,Improve consistency
STU3456,21,Male,ECE,296,302,49,2,0,0,0,54,High,17.13,Low Risk,No,Maintain performance
STU3457,20,Female,CSE,218,216,44,6,0,0,1,47,Low,32.53,Low Risk,No,Maintain performance
STU3458,21,Female,ECE,212,342,12,1,1,0,0,133,Low,62.53,Medium Risk,No,Improve consistency
STU3459,18,Female,IT,173,86,45,1,0,0,1,73,Low,47.93,Medium Risk,No,Improve consistency
STU3460,18,Female,IT,284,297,17,2,0,0,0,262,Low,37.93,Low Risk,No,Maintain performance
STU3461,23,Male,CSE,150,56,32,3,0,1,0,271,Low,54.8,Medium Risk,No,Improve consistency
STU3462,21,Female,EEE,267,631,20,5,0,1,0,121,High,42.4,Medium Risk,No,Improve consistency
STU3463,21,Male,ECE,8,209,15,7,0,0,1,111,Low,75.93,High Risk,Yes,"Attend mentoring, increase activity"
STU3464,18,Female,IT,94,436,14,9,1,0,1,58,Low,71.07,High Risk,Yes,"Attend mentoring, increase activity"
STU3465,20,Male,ECE,64,219,4,9,0,1,1,286,Low,81.07,High Risk,Yes,"Attend mentoring, increase activity"
STU3466,22,Male,ECE,20,429,5,6,0,0,1,236,Low,82.33,High Risk,Yes,"Attend mentoring, increase activity"
STU3467,24,Male,EEE,231,163,37,3,0,0,0,32,Low,31,Low Risk,No,Maintain performance
STU3468,22,Female,IT,33,531,2,1,0,0,1,194,Low,92.4,High Risk,Yes,"Attend mentoring, increase activity"
STU3469,21,Male,ECE,155,424,47,1,0,0,0,73,High,39.13,Low Risk,No,Maintain performance
STU3470,22,Male,IT,249,362,11,3,0,1,1,166,Low,64.2,Medium Risk,No,Improve consistency
STU3471,18,Female,CSE,274,166,35,5,0,0,0,292,Low,22.47,Low Risk,No,Maintain performance
STU3472,18,Male,CSE,83,270,32,2,1,0,1,158,Low,75.73,High Risk,Yes,"Attend mentoring, increase activity"
STU3473,21,Female,ECE,293,86,35,5,0,1,0,178,Low,29.93,Low Risk,No,Maintain performance
STU3474,21,Female,IT,157,778,32,4,0,0,0,142,High,41.87,Medium Risk,No,Improve consistency
STU3475,24,Male,ECE,281,497,30,4,0,0,0,141,High,26.53,Low Risk,No,Maintain performance
STU3476,24,Male,IT,283,140,20,1,0,0,0,206,Low,38.27,Low Risk,No,Maintain performance
STU3477,23,Female,IT,61,588,26,7,0,0,0,144,Low,52.27,Medium Risk,No,Improve consistency
STU3478,21,Male,EEE,190,464,26,4,1,1,1,44,Low,71.07,High Risk,Yes,"Attend mentoring, increase activity"
STU3479,20,Female,EEE,97,749,7,1,0,1,1,229,Low,90.87,High Risk,Yes,"Attend mentoring, increase activity"
STU3480,22,Female,EEE,280,172,36,6,1,1,0,194,High,39.07,Low Risk,No,Maintain performance
STU3481,21,Female,ECE,162,24,31,8,0,0,0,14,Low,33.8,Low Risk,No,Maintain performance
STU3482,19,Male,EEE,279,241,25,8,0,0,0,80,Low,21.8,Low Risk,No,Maintain performance
STU3483,23,Female,EEE,185,204,1,0,1,1,1,250,Low,94.73,High Risk,Yes,"Attend mentoring, increase activity"
STU3484,19,Male,CSE,81,551,11,6,1,0,0,202,Low,70.6,High Risk,Yes,"Attend mentoring, increase activity"
STU3485,18,Male,IT,155,368,21,8,1,1,0,177,Low,60.73,Medium Risk,No,Improve consistency
STU3486,24,Male,IT,242,340,16,5,0,0,0,245,Low,38.13,Low Risk,No,Maintain performance
STU3487,22,Male,EEE,293,436,6,0,0,1,0,257,High,57.33,Medium Risk,No,Improve consistency
STU3488,21,Female,IT,235,506,42,1,0,0,0,174,High,31.47,Low Risk,No,Maintain performance
STU3489,19,Male,CSE,22,495,3,3,0,0,0,80,Low,79.27,High Risk,Yes,"Attend mentoring, increase activity"
STU3490,22,Female,CSE,77,458,36,3,0,0,0,240,Low,52.13,Medium Risk,No,Improve consistency
STU3491,18,Female,EEE,193,422,37,1,1,0,0,64,High,50.07,Medium Risk,No,Improve consistency
STU3492,24,Male,CSE,21,339,31,7,0,0,0,191,Low,54.6,Medium Risk,No,Improve consistency
STU3493,20,Female,IT,23,741,10,1,1,0,0,31,Low,88.93,High Risk,Yes,"Attend mentoring, increase activity"
STU3494,23,Female,ECE,223,156,0,2,0,0,0,292,Low,56.27,Medium Risk,No,Improve consistency
STU3495,22,Male,IT,124,268,24,3,0,0,0,114,Low,53.07,Medium Risk,No,Improve consistency
STU3496,22,Female,ECE,105,301,41,8,0,0,0,184,Low,35.4,Low Risk,No,Maintain performance
STU3497,20,Female,EEE,38,152,23,9,0,1,1,48,Low,73.13,High Risk,Yes,"Attend mentoring, increase activity"
STU3498,22,Female,ECE,88,756,42,0,1,0,0,69,High,63.07,Medium Risk,No,Improve consistency
STU3499,18,Female,CSE,200,636,16,7,0,0,1,221,High,49.73,Medium Risk,No,Improve consistency
